"velocity_vectors:0","velocity_vectors:1","velocity_vectors:2","another_vector_set:0","another_vector_set:1","another_vector_set:2","EinLustigerSkalar","Points:0","Points:1","Points:2"
-0.30142,0.068638,0.95102,-3.0142,0.13728,0.95102,1,3.5e-008,6.5e-008,5e-009
-0.20246,-0.14717,0.96817,-2.0246,-0.29434,0.96817,1,3.5e-008,7.5e-008,5e-009
-0.67162,0.65118,0.35339,-6.7162,1.3024,0.35339,1,4.5e-008,7.5e-008,5e-009
-0.71143,0.6223,0.3265,-7.1143,1.2446,0.3265,1,4.5e-008,6.5e-008,5e-009
-0.86555,-0.50082,0.00218,-8.6555,-1.0016,0.00218,1,3.5e-008,6.5e-008,1.5e-008
0.392,-0.85877,0.32992,3.92,-1.7175,0.32992,1,3.5e-008,7.5e-008,1.5e-008
-0.64956,0.56102,0.51315,-6.4956,1.122,0.51315,1,4.5e-008,7.5e-008,1.5e-008
-0.7183,0.54171,0.43657,-7.183,1.0834,0.43657,1,4.5e-008,6.5e-008,1.5e-008
-0.40883,0.7447,0.52752,-4.0883,1.4894,0.52752,1,3.5e-008,8.5e-008,5e-009
-0.64131,0.61413,0.45997,-6.4131,1.2283,0.45997,1,4.5e-008,8.5e-008,5e-009
-0.37445,0.58544,0.71906,-3.7445,1.1709,0.71906,1,3.5e-008,8.5e-008,1.5e-008
-0.56989,0.50103,0.6513,-5.6989,1.0021,0.6513,1,4.5e-008,8.5e-008,1.5e-008
-0.19086,0.74023,0.64469,-1.9086,1.4805,0.64469,1,3.5e-008,9.5e-008,5e-009
-0.62271,0.45726,0.63493,-6.2271,0.91452,0.63493,1,4.5e-008,9.5e-008,5e-009
0.53957,0.44144,0.71694,5.3957,0.88287,0.71694,1,3.5e-008,9.5e-008,1.5e-008
-0.47749,0.35174,0.80516,-4.7749,0.70349,0.80516,1,4.5e-008,9.5e-008,1.5e-008
0.16649,-0.19856,-0.96584,1.6649,-0.39712,-0.96584,1,4.5e-008,5.5e-008,5e-009
-0.87495,0.39523,0.27975,-8.7495,0.79047,0.27975,1,5.5e-008,6.5e-008,5e-009
-0.29065,0.72207,0.62781,-2.9065,1.4441,0.62781,1,5.5e-008,5.5e-008,5e-009
0.048636,-0.99172,0.11882,0.48636,-1.9834,0.11882,1,4.5e-008,5.5e-008,1.5e-008
-0.87186,0.33357,0.35859,-8.7186,0.66715,0.35859,1,5.5e-008,6.5e-008,1.5e-008
0.068414,0.97682,-0.20284,0.68414,1.9536,-0.20284,1,5.5e-008,5.5e-008,1.5e-008
-0.87638,0.38956,0.2832,-8.7638,0.77912,0.2832,1,5.5e-008,7.5e-008,5e-009
-0.85624,0.32659,0.40024,-8.5624,0.65319,0.40024,1,5.5e-008,7.5e-008,1.5e-008
-0.86474,0.35332,0.35691,-8.6474,0.70665,0.35691,1,5.5e-008,8.5e-008,5e-009
-0.80939,0.28453,0.51374,-8.0939,0.56906,0.51374,1,5.5e-008,8.5e-008,1.5e-008
-0.83563,0.23256,0.49763,-8.3563,0.46513,0.49763,1,5.5e-008,9.5e-008,5e-009
-0.71259,0.18274,0.67736,-7.1259,0.36549,0.67736,1,5.5e-008,9.5e-008,1.5e-008
-0.62435,0.20857,0.75279,-6.2435,0.41714,0.75279,1,4.5e-008,1.05e-007,5e-009
-0.76577,0.017644,0.64288,-7.6577,0.035288,0.64288,1,5.5e-008,1.05e-007,5e-009
-0.44873,0.20636,0.86951,-4.4873,0.41273,0.86951,1,4.5e-008,1.05e-007,1.5e-008
-0.59581,0.050272,0.80155,-5.9581,0.10054,0.80155,1,5.5e-008,1.05e-007,1.5e-008
-0.95472,0.14398,0.26036,-9.5472,0.28797,0.26036,1,6.5e-008,6.5e-008,5e-009
0.31964,0.24256,0.91597,3.1964,0.48511,0.91597,1,6.5e-008,5.5e-008,5e-009
-0.95224,0.090303,0.29169,-9.5224,0.18061,0.29169,1,6.5e-008,6.5e-008,1.5e-008
0.2452,-0.8351,0.49242,2.452,-1.6702,0.49242,1,6.5e-008,5.5e-008,1.5e-008
-0.96646,0.12505,0.22432,-9.6646,0.25009,0.22432,1,6.5e-008,7.5e-008,5e-009
-0.95606,0.079004,0.28234,-9.5606,0.15801,0.28234,1,6.5e-008,7.5e-008,1.5e-008
-0.95679,0.13657,0.25672,-9.5679,0.27315,0.25672,1,6.5e-008,8.5e-008,5e-009
-0.934,0.091276,0.34541,-9.34,0.18255,0.34541,1,6.5e-008,8.5e-008,1.5e-008
-0.92586,0.099341,0.36458,-9.2586,0.19868,0.36458,1,6.5e-008,9.5e-008,5e-009
-0.86649,0.071114,0.4941,-8.6649,0.14223,0.4941,1,6.5e-008,9.5e-008,1.5e-008
-0.85892,-0.033523,0.51101,-8.5892,-0.067046,0.51101,1,6.5e-008,1.05e-007,5e-009
-0.75861,-0.0051409,0.65152,-7.5861,-0.010282,0.65152,1,6.5e-008,1.05e-007,1.5e-008
-0.98255,-0.050891,0.1789,-9.8255,-0.10178,0.1789,1,7.5e-008,7.5e-008,5e-009
-0.96436,-0.0065739,0.2645,-9.6436,-0.013148,0.2645,1,7.5e-008,6.5e-008,5e-009
-0.97942,-0.087526,0.18185,-9.7942,-0.17505,0.18185,1,7.5e-008,7.5e-008,1.5e-008
-0.97061,-0.05384,0.23455,-9.7061,-0.10768,0.23455,1,7.5e-008,6.5e-008,1.5e-008
-0.98636,0.037591,0.16023,-9.8636,0.075183,0.16023,1,7.5e-008,8.5e-008,5e-009
-0.98232,0.011537,0.18685,-9.8232,0.023075,0.18685,1,7.5e-008,8.5e-008,1.5e-008
-0.95728,0.090413,0.27467,-9.5728,0.18083,0.27467,1,7.5e-008,9.5e-008,5e-009
-0.9398,0.08077,0.33203,-9.398,0.16154,0.33203,1,7.5e-008,9.5e-008,1.5e-008
-0.86371,-0.50278,-0.034868,-8.6371,-1.0056,-0.034868,1,8.5e-008,7.5e-008,5e-009
0.71787,-0.54374,-0.43475,7.1787,-1.0875,-0.43475,1,8.5e-008,6.5e-008,5e-009
-0.52863,-0.069565,0.846,-5.2863,-0.13913,0.846,1,8.5e-008,7.5e-008,1.5e-008
0.49205,0.48802,-0.72092,4.9205,0.97603,-0.72092,1,8.5e-008,6.5e-008,1.5e-008
-0.99991,0.0059692,-0.012372,-9.9991,0.011938,-0.012372,1,8.5e-008,8.5e-008,5e-009
-0.99988,-0.01052,-0.011063,-9.9988,-0.02104,-0.011063,1,8.5e-008,8.5e-008,1.5e-008
-0.20804,-0.71117,-0.67153,-2.0804,-1.4223,-0.67153,1,8.5e-008,9.5e-008,5e-009
-0.1531,0.50627,-0.84868,-1.531,1.0125,-0.84868,1,8.5e-008,9.5e-008,1.5e-008
-0.96009,0.090069,-0.2648,-9.6009,0.18014,-0.2648,1,9.5e-008,7.5e-008,5e-009
-0.90615,0.0028691,-0.42294,-9.0615,0.0057381,-0.42294,1,9.5e-008,6.5e-008,5e-009
-0.94178,0.074688,-0.32783,-9.4178,0.14938,-0.32783,1,9.5e-008,7.5e-008,1.5e-008
-0.8672,0.018975,-0.49759,-8.672,0.037951,-0.49759,1,9.5e-008,6.5e-008,1.5e-008
-0.98512,0.033075,-0.16864,-9.8512,0.06615,-0.16864,1,9.5e-008,8.5e-008,5e-009
-0.98016,0.0036036,-0.19819,-9.8016,0.0072071,-0.19819,1,9.5e-008,8.5e-008,1.5e-008
-0.98044,-0.039576,-0.19281,-9.8044,-0.079152,-0.19281,1,9.5e-008,9.5e-008,5e-009
-0.97669,-0.078358,-0.19986,-9.7669,-0.15672,-0.19986,1,9.5e-008,9.5e-008,1.5e-008
0.71942,0.63577,-0.27972,7.1942,1.2715,-0.27972,1,9.5e-008,5.5e-008,5e-009
-0.86141,-0.013382,-0.50774,-8.614,-0.026765,-0.50774,1,1.05e-007,6.5e-008,5e-009
-0.90998,0.24155,0.33703,-9.0998,0.48309,0.33703,1,1.05e-007,5.5e-008,5e-009
0.61272,0.58498,0.53139,6.1272,1.17,0.53139,1,9.5e-008,5.5e-008,1.5e-008
-0.75445,0.0064639,-0.65632,-7.5445,0.012928,-0.65632,1,1.05e-007,6.5e-008,1.5e-008
-0.57645,0.68852,0.44005,-5.7645,1.377,0.44005,1,1.05e-007,5.5e-008,1.5e-008
-0.9247,0.11948,-0.36147,-9.247,0.23896,-0.36147,1,1.05e-007,7.5e-008,5e-009
-0.86472,0.085186,-0.49498,-8.6472,0.17037,-0.49498,1,1.05e-007,7.5e-008,1.5e-008
-0.95267,0.15798,-0.25972,-9.5267,0.31597,-0.25972,1,1.05e-007,8.5e-008,5e-009
-0.92938,0.1098,-0.35242,-9.2938,0.21959,-0.35242,1,1.05e-007,8.5e-008,1.5e-008
-0.96063,0.15426,-0.23108,-9.6063,0.30852,-0.23108,1,1.05e-007,9.5e-008,5e-009
-0.95006,0.10643,-0.29336,-9.5006,0.21285,-0.29336,1,1.05e-007,9.5e-008,1.5e-008
-0.9615,0.023677,-0.27378,-9.615,0.047353,-0.27378,1,9.5e-008,1.05e-007,5e-009
-0.94678,0.17768,-0.26839,-9.4678,0.35535,-0.26839,1,1.05e-007,1.05e-007,5e-009
-0.96779,-0.026567,-0.25036,-9.6779,-0.053133,-0.25036,1,9.5e-008,1.05e-007,1.5e-008
-0.94571,0.12181,-0.30133,-9.4571,0.24362,-0.30133,1,1.05e-007,1.05e-007,1.5e-008
-0.75844,0.060776,-0.6489,-7.5844,0.12155,-0.6489,1,1.15e-007,6.5e-008,5e-009
-0.39671,-0.56355,0.72459,-3.9671,-1.1271,0.72459,1,1.15e-007,5.5e-008,5e-009
-0.58303,0.078576,-0.80864,-5.8303,0.15715,-0.80864,1,1.15e-007,6.5e-008,1.5e-008
-0.52462,0.82625,0.20514,-5.2462,1.6525,0.20514,1,1.15e-007,5.5e-008,1.5e-008
-0.82173,0.2814,-0.49556,-8.2173,0.56279,-0.49556,1,1.15e-007,7.5e-008,5e-009
-0.70102,0.22141,-0.6779,-7.0102,0.44281,-0.6779,1,1.15e-007,7.5e-008,1.5e-008
-0.84668,0.39519,-0.35632,-8.4668,0.79038,-0.35632,1,1.15e-007,8.5e-008,5e-009
-0.79394,0.32267,-0.51531,-7.9394,0.64534,-0.51531,1,1.15e-007,8.5e-008,1.5e-008
-0.85769,0.42674,-0.2868,-8.5769,0.85348,-0.2868,1,1.15e-007,9.5e-008,5e-009
-0.83924,0.36207,-0.40569,-8.3924,0.72414,-0.40569,1,1.15e-007,9.5e-008,1.5e-008
-0.85726,0.42688,-0.28789,-8.5726,0.85376,-0.28789,1,1.15e-007,1.05e-007,5e-009
-0.85715,0.36263,-0.36577,-8.5715,0.72527,-0.36577,1,1.15e-007,1.05e-007,1.5e-008
-0.59123,0.51064,-0.62425,-5.9123,1.0213,-0.62425,1,1.25e-007,7.5e-008,5e-009
-0.59637,0.28137,-0.75178,-5.9637,0.56274,-0.75178,1,1.25e-007,6.5e-008,5e-009
-0.45922,0.39112,-0.79758,-4.5922,0.78225,-0.79758,1,1.25e-007,7.5e-008,1.5e-008
-0.42999,0.25138,-0.86713,-4.2999,0.50275,-0.86713,1,1.25e-007,6.5e-008,1.5e-008
-0.60934,0.6505,-0.45339,-6.0934,1.301,-0.45339,1,1.25e-007,8.5e-008,5e-009
-0.54767,0.53361,-0.64446,-5.4767,1.0672,-0.64446,1,1.25e-007,8.5e-008,1.5e-008
-0.64652,0.67545,-0.35466,-6.4652,1.3509,-0.35466,1,1.25e-007,9.5e-008,5e-009
-0.63027,0.58344,-0.51221,-6.3027,1.1669,-0.51221,1,1.25e-007,9.5e-008,1.5e-008
0.22054,0.11259,-0.96886,2.2054,0.22519,-0.96886,1,3.5e-008,6.5e-008,2.5e-008
-0.42573,0.44707,0.78669,-4.2573,0.89414,0.78669,1,3.5e-008,7.5e-008,2.5e-008
-0.56447,0.37825,0.73369,-5.6447,0.75651,0.73369,1,4.5e-008,7.5e-008,2.5e-008
-0.67351,0.38526,0.63084,-6.7351,0.77051,0.63084,1,4.5e-008,6.5e-008,2.5e-008
-0.28306,0.36612,0.88647,-2.8306,0.73224,0.88647,1,3.5e-008,8.5e-008,2.5e-008
-0.41909,0.31178,0.85273,-4.1909,0.62356,0.85273,1,4.5e-008,8.5e-008,2.5e-008
0.16523,-0.71671,-0.67751,1.6523,-1.4334,-0.67751,1,3.5e-008,9.5e-008,2.5e-008
-0.27987,0.22371,0.93361,-2.7987,0.44743,0.93361,1,4.5e-008,9.5e-008,2.5e-008
-0.038138,0.96849,0.24612,-0.38138,1.937,0.24612,1,4.5e-008,5.5e-008,2.5e-008
-0.83413,0.21545,0.50775,-8.3413,0.43089,0.50775,1,5.5e-008,6.5e-008,2.5e-008
0.70684,-0.69812,0.11407,7.0684,-1.3962,0.11407,1,5.5e-008,5.5e-008,2.5e-008
-0.78109,0.19017,0.59475,-7.8109,0.38035,0.59475,1,5.5e-008,7.5e-008,2.5e-008
-0.6609,0.15398,0.73451,-6.609,0.30797,0.73451,1,5.5e-008,8.5e-008,2.5e-008
-0.48228,0.10934,0.86916,-4.8228,0.21868,0.86916,1,5.5e-008,9.5e-008,2.5e-008
-0.23619,0.16952,0.95681,-2.3619,0.33904,0.95681,1,4.5e-008,1.05e-007,2.5e-008
-0.34272,0.069885,0.93684,-3.4272,0.13977,0.93684,1,5.5e-008,1.05e-007,2.5e-008
-0.92999,-0.0017312,0.36759,-9.2999,-0.0034624,0.36759,1,6.5e-008,6.5e-008,2.5e-008
0.22423,-0.43582,0.87166,2.2423,-0.87163,0.87166,1,6.5e-008,5.5e-008,2.5e-008
-0.91786,-0.023387,0.39622,-9.1786,-0.046774,0.39622,1,6.5e-008,7.5e-008,2.5e-008
-0.86132,-0.0024155,0.50807,-8.6132,-0.0048309,0.50807,1,6.5e-008,8.5e-008,2.5e-008
-0.72107,0.020041,0.69257,-7.2107,0.040083,0.69257,1,6.5e-008,9.5e-008,2.5e-008
-0.55057,0.010582,0.83472,-5.5057,0.021164,0.83472,1,6.5e-008,1.05e-007,2.5e-008
-0.96554,-0.15781,0.20697,-9.6554,-0.31562,0.20697,1,7.5e-008,7.5e-008,2.5e-008
-0.96158,-0.12508,0.24437,-9.6158,-0.25017,0.24437,1,7.5e-008,6.5e-008,2.5e-008
-0.96666,-0.04924,0.2513,-9.6666,-0.09848,0.2513,1,7.5e-008,8.5e-008,2.5e-008
-0.89051,0.03959,0.45324,-8.9051,0.079181,0.45324,1,7.5e-008,9.5e-008,2.5e-008
0.62122,0.17563,0.7637,6.2122,0.35126,0.7637,1,8.5e-008,7.5e-008,2.5e-008
0.29768,-0.74675,-0.59476,2.9768,-1.4935,-0.59476,1,8.5e-008,6.5e-008,2.5e-008
-0.9987,-0.049576,-0.01189,-9.987,-0.099153,-0.01189,1,8.5e-008,8.5e-008,2.5e-008
0.48446,0.69146,-0.53588,4.8446,1.3829,-0.53588,1,8.5e-008,9.5e-008,2.5e-008
-0.89048,0.028609,-0.45412,-8.9048,0.057217,-0.45412,1,9.5e-008,7.5e-008,2.5e-008
-0.75331,0.0046082,-0.65764,-7.5331,0.0092163,-0.65764,1,9.5e-008,6.5e-008,2.5e-008
-0.96145,-0.063396,-0.26759,-9.6145,-0.12679,-0.26759,1,9.5e-008,8.5e-008,2.5e-008
-0.96095,-0.15294,-0.23062,-9.6095,-0.30588,-0.23062,1,9.5e-008,9.5e-008,2.5e-008
0.90407,0.29209,0.31198,9.0407,0.58419,0.31198,1,9.5e-008,5.5e-008,2.5e-008
-0.5398,0.017047,-0.84162,-5.398,0.034095,-0.84162,1,1.05e-007,6.5e-008,2.5e-008
0.9328,-0.0017687,0.36039,9.328,-0.0035374,0.36039,1,1.05e-007,5.5e-008,2.5e-008
-0.71613,0.025024,-0.69752,-7.1613,0.050048,-0.69752,1,1.05e-007,7.5e-008,2.5e-008
-0.85394,0.0095299,-0.52029,-8.5394,0.01906,-0.52029,1,1.05e-007,8.5e-008,2.5e-008
-0.91051,0.00077759,-0.41349,-9.1051,0.0015552,-0.41349,1,1.05e-007,9.5e-008,2.5e-008
-0.95769,-0.1018,-0.26918,-9.5769,-0.2036,-0.26918,1,9.5e-008,1.05e-007,2.5e-008
-0.92308,0.028857,-0.38353,-9.2308,0.057715,-0.38353,1,1.05e-007,1.05e-007,2.5e-008
-0.33057,0.084675,-0.93997,-3.3057,0.16935,-0.93997,1,1.15e-007,6.5e-008,2.5e-008
0.61903,0.11938,-0.77624,6.1903,0.23875,-0.77624,1,1.15e-007,5.5e-008,2.5e-008
-0.47479,0.1317,-0.87019,-4.7479,0.2634,-0.87019,1,1.15e-007,7.5e-008,2.5e-008
-0.65021,0.18278,-0.73744,-6.5021,0.36557,-0.73744,1,1.15e-007,8.5e-008,2.5e-008
-0.76722,0.22219,-0.60167,-7.6722,0.44439,-0.60167,1,1.15e-007,9.5e-008,2.5e-008
-0.82047,0.24318,-0.51739,-8.2047,0.48635,-0.51739,1,1.15e-007,1.05e-007,2.5e-008
-0.27589,0.24506,-0.92943,-2.7589,0.49012,-0.92943,1,1.25e-007,7.5e-008,2.5e-008
-0.22978,0.1918,-0.95416,-2.2978,0.3836,-0.95416,1,1.25e-007,6.5e-008,2.5e-008
-0.41156,0.33552,-0.84737,-4.1156,0.67104,-0.84737,1,1.25e-007,8.5e-008,2.5e-008
-0.55415,0.39828,-0.73095,-5.5415,0.79657,-0.73095,1,1.25e-007,9.5e-008,2.5e-008
-0.68039,-0.72962,0.068655,-6.8039,-1.4592,0.068655,1,3.5e-008,6.5e-008,3.5e-008
-0.15231,-0.041321,0.98747,-1.5231,-0.082641,0.98747,1,3.5e-008,7.5e-008,3.5e-008
-0.42784,0.20624,0.88001,-4.2784,0.41247,0.88001,1,4.5e-008,7.5e-008,3.5e-008
-0.55587,0.20998,0.80431,-5.5587,0.41997,0.80431,1,4.5e-008,6.5e-008,3.5e-008
-0.19352,0.22171,0.95571,-1.9352,0.44343,0.95571,1,3.5e-008,8.5e-008,3.5e-008
-0.27333,0.17666,0.94556,-2.7333,0.35332,0.94556,1,4.5e-008,8.5e-008,3.5e-008
0.59332,-0.13245,0.79399,5.9332,-0.2649,0.79399,1,3.5e-008,9.5e-008,3.5e-008
-0.14491,0.15111,0.97784,-1.4491,0.30223,0.97784,1,4.5e-008,9.5e-008,3.5e-008
0.28462,0.3666,0.88577,2.8462,0.73321,0.88577,1,4.5e-008,5.5e-008,3.5e-008
-0.72527,0.080961,0.68369,-7.2527,0.16192,0.68369,1,5.5e-008,6.5e-008,3.5e-008
0.15399,-0.97488,-0.16092,1.5399,-1.9498,-0.16092,1,5.5e-008,5.5e-008,3.5e-008
-0.63425,0.052178,0.77137,-6.3425,0.10436,0.77137,1,5.5e-008,7.5e-008,3.5e-008
-0.46993,0.048003,0.8814,-4.6993,0.096006,0.8814,1,5.5e-008,8.5e-008,3.5e-008
-0.27745,0.063043,0.95867,-2.7745,0.12609,0.95867,1,5.5e-008,9.5e-008,3.5e-008
-0.098612,0.13923,0.98534,-0.98612,0.27845,0.98534,1,4.5e-008,1.05e-007,3.5e-008
-0.15104,0.073418,0.9858,-1.5104,0.14684,0.9858,1,5.5e-008,1.05e-007,3.5e-008
-0.85981,-0.10562,0.49958,-8.5981,-0.21124,0.49958,1,6.5e-008,6.5e-008,3.5e-008
0.3494,0.88667,0.30288,3.494,1.7733,0.30288,1,6.5e-008,5.5e-008,3.5e-008
-0.82725,-0.13763,0.54472,-8.2725,-0.27526,0.54472,1,6.5e-008,7.5e-008,3.5e-008
-0.72702,-0.096577,0.67979,-7.2702,-0.19315,0.67979,1,6.5e-008,8.5e-008,3.5e-008
-0.5224,-0.025216,0.85233,-5.224,-0.050431,0.85233,1,6.5e-008,9.5e-008,3.5e-008
-0.3183,0.013614,0.94789,-3.183,0.027228,0.94789,1,6.5e-008,1.05e-007,3.5e-008
-0.93017,-0.24531,0.27314,-9.3017,-0.49062,0.27314,1,7.5e-008,7.5e-008,3.5e-008
-0.92513,-0.21055,0.31591,-9.2513,-0.4211,0.31591,1,7.5e-008,6.5e-008,3.5e-008
-0.92626,-0.13249,0.35284,-9.2626,-0.26498,0.35284,1,7.5e-008,8.5e-008,3.5e-008
-0.78772,-0.024372,0.61556,-7.8772,-0.048743,0.61556,1,7.5e-008,9.5e-008,3.5e-008
0.67879,-0.59216,-0.43427,6.7879,-1.1843,-0.43427,1,8.5e-008,7.5e-008,3.5e-008
-0.26692,0.097284,-0.9588,-2.6692,0.19457,-0.9588,1,8.5e-008,6.5e-008,3.5e-008
-0.99363,-0.11166,-0.015499,-9.9363,-0.22332,-0.015499,1,8.5e-008,8.5e-008,3.5e-008
-0.30581,0.41504,0.85687,-3.0581,0.83008,0.85687,1,8.5e-008,9.5e-008,3.5e-008
-0.78621,-0.037578,-0.61682,-7.8621,-0.075157,-0.61682,1,9.5e-008,7.5e-008,3.5e-008
-0.56308,-0.024422,-0.82604,-5.6308,-0.048844,-0.82604,1,9.5e-008,6.5e-008,3.5e-008
-0.91481,-0.15128,-0.37447,-9.1481,-0.30256,-0.37447,1,9.5e-008,8.5e-008,3.5e-008
-0.92053,-0.24377,-0.3053,-9.2053,-0.48754,-0.3053,1,9.5e-008,9.5e-008,3.5e-008
0.38722,-0.67295,-0.63023,3.8722,-1.3459,-0.63023,1,9.5e-008,5.5e-008,3.5e-008
-0.30937,0.017554,-0.95078,-3.0937,0.035107,-0.95078,1,1.05e-007,6.5e-008,3.5e-008
0.11826,-0.55154,-0.82572,1.1826,-1.1031,-0.82572,1,1.05e-007,5.5e-008,3.5e-008
-0.51673,-0.025236,-0.85578,-5.1673,-0.050472,-0.85578,1,1.05e-007,7.5e-008,3.5e-008
-0.71507,-0.08972,-0.69327,-7.1507,-0.17944,-0.69327,1,1.05e-007,8.5e-008,3.5e-008
-0.81548,-0.11611,-0.56702,-8.1548,-0.23222,-0.56702,1,1.05e-007,9.5e-008,3.5e-008
-0.91621,-0.19084,-0.35234,-9.1621,-0.38168,-0.35234,1,9.5e-008,1.05e-007,3.5e-008
-0.84915,-0.076403,-0.5226,-8.4915,-0.15281,-0.5226,1,1.05e-007,1.05e-007,3.5e-008
-0.14566,0.081395,-0.98598,-1.4566,0.16279,-0.98598,1,1.15e-007,6.5e-008,3.5e-008
-0.96618,0.25345,-0.04751,-9.6618,0.5069,-0.04751,1,1.15e-007,5.5e-008,3.5e-008
-0.27553,0.07476,-0.95838,-2.7553,0.14952,-0.95838,1,1.15e-007,7.5e-008,3.5e-008
-0.46374,0.067246,-0.88342,-4.6374,0.13449,-0.88342,1,1.15e-007,8.5e-008,3.5e-008
-0.62309,0.078847,-0.77816,-6.2309,0.15769,-0.77816,1,1.15e-007,9.5e-008,3.5e-008
-0.71122,0.10505,-0.69507,-7.1122,0.21011,-0.69507,1,1.15e-007,1.05e-007,3.5e-008
-0.14832,0.16182,-0.97561,-1.4832,0.32364,-0.97561,1,1.25e-007,7.5e-008,3.5e-008
-0.10039,0.15076,-0.98346,-1.0039,0.30151,-0.98346,1,1.25e-007,6.5e-008,3.5e-008
-0.27457,0.19102,-0.9424,-2.7457,0.38205,-0.9424,1,1.25e-007,8.5e-008,3.5e-008
-0.42491,0.221,-0.87784,-4.2491,0.442,-0.87784,1,1.25e-007,9.5e-008,3.5e-008
-0.58048,-0.79418,0.17978,-5.8048,-1.5884,0.17978,1,3.5e-008,6.5e-008,4.5e-008
0.85282,-0.51335,-0.095721,8.5282,-1.0267,-0.095721,1,3.5e-008,7.5e-008,4.5e-008
-0.30514,0.1107,0.94585,-3.0514,0.2214,0.94585,1,4.5e-008,7.5e-008,4.5e-008
-0.41725,0.090517,0.90427,-4.1725,0.18103,0.90427,1,4.5e-008,6.5e-008,4.5e-008
-0.13095,0.15613,0.97902,-1.3095,0.31225,0.97902,1,3.5e-008,8.5e-008,4.5e-008
-0.17603,0.11832,0.97725,-1.7603,0.23665,0.97725,1,4.5e-008,8.5e-008,4.5e-008
0.85045,-0.0026942,-0.52605,8.5045,-0.0053884,-0.52605,1,3.5e-008,9.5e-008,4.5e-008
-0.068229,0.12376,0.98996,-0.68229,0.24751,0.98996,1,4.5e-008,9.5e-008,4.5e-008
0.19359,-0.98068,0.028152,1.9359,-1.9614,0.028152,1,4.5e-008,5.5e-008,4.5e-008
-0.56553,-0.017159,0.82455,-5.6553,-0.034318,0.82455,1,5.5e-008,6.5e-008,4.5e-008
-0.6225,0.69106,0.36732,-6.225,1.3821,0.36732,1,5.5e-008,5.5e-008,4.5e-008
-0.46966,-0.023889,0.88253,-4.6966,-0.047778,0.88253,1,5.5e-008,7.5e-008,4.5e-008
-0.31438,0.0070128,0.94927,-3.1438,0.014026,0.94927,1,5.5e-008,8.5e-008,4.5e-008
-0.14483,0.051716,0.9881,-1.4483,0.10343,0.9881,1,5.5e-008,9.5e-008,4.5e-008
-0.020956,0.1241,0.99205,-0.20956,0.2482,0.99205,1,4.5e-008,1.05e-007,4.5e-008
-0.036061,0.074442,0.99657,-0.36061,0.14888,0.99657,1,5.5e-008,1.05e-007,4.5e-008
-0.72883,-0.18825,0.65831,-7.2883,-0.3765,0.65831,1,6.5e-008,6.5e-008,4.5e-008
0.89873,-0.3363,-0.28142,8.9873,-0.67259,-0.28142,1,6.5e-008,5.5e-008,4.5e-008
-0.6879,-0.21275,0.69392,-6.879,-0.42549,0.69392,1,6.5e-008,7.5e-008,4.5e-008
-0.56412,-0.14517,0.81283,-5.6412,-0.29034,0.81283,1,6.5e-008,8.5e-008,4.5e-008
-0.3359,-0.042306,0.94095,-3.359,-0.084612,0.94095,1,6.5e-008,9.5e-008,4.5e-008
-0.13737,0.013976,0.99042,-1.3737,0.027952,0.99042,1,6.5e-008,1.05e-007,4.5e-008
-0.86319,-0.33177,0.38056,-8.6319,-0.66355,0.38056,1,7.5e-008,7.5e-008,4.5e-008
-0.84467,-0.29681,0.44546,-8.4467,-0.59362,0.44546,1,7.5e-008,6.5e-008,4.5e-008
-0.8501,-0.21656,0.48004,-8.501,-0.43311,0.48004,1,7.5e-008,8.5e-008,4.5e-008
-0.63064,-0.0871,0.77117,-6.3064,-0.1742,0.77117,1,7.5e-008,9.5e-008,4.5e-008
-0.18803,0.13805,-0.97241,-1.8803,0.2761,-0.97241,1,8.5e-008,7.5e-008,4.5e-008
-0.95797,-0.020224,0.28616,-9.5797,-0.040449,0.28616,1,8.5e-008,6.5e-008,4.5e-008
-0.98002,-0.19765,-0.022209,-9.8002,-0.3953,-0.022209,1,8.5e-008,8.5e-008,4.5e-008
-0.38898,-0.23271,-0.89137,-3.8898,-0.46542,-0.89137,1,8.5e-008,9.5e-008,4.5e-008
-0.63093,-0.097806,-0.76965,-6.3093,-0.19561,-0.76965,1,9.5e-008,7.5e-008,4.5e-008
-0.34691,-0.049405,-0.93659,-3.4691,-0.09881,-0.93659,1,9.5e-008,6.5e-008,4.5e-008
-0.83049,-0.23393,-0.50554,-8.3049,-0.46786,-0.50554,1,9.5e-008,8.5e-008,4.5e-008
-0.8443,-0.32926,-0.42278,-8.443,-0.65853,-0.42278,1,9.5e-008,9.5e-008,4.5e-008
0.78361,-0.41304,-0.46406,7.8361,-0.82609,-0.46406,1,9.5e-008,5.5e-008,4.5e-008
-0.13473,0.018088,-0.99072,-1.3473,0.036175,-0.99072,1,1.05e-007,6.5e-008,4.5e-008
0.22197,0.80093,0.55609,2.2197,1.6019,0.55609,1,1.05e-007,5.5e-008,4.5e-008
-0.33453,-0.042207,-0.94144,-3.3453,-0.084415,-0.94144,1,1.05e-007,7.5e-008,4.5e-008
-0.5503,-0.13908,-0.8233,-5.503,-0.27816,-0.8233,1,1.05e-007,8.5e-008,4.5e-008
-0.6706,-0.19183,-0.71658,-6.706,-0.38365,-0.71658,1,1.05e-007,9.5e-008,4.5e-008
-0.82503,-0.27738,-0.49232,-8.2503,-0.55477,-0.49232,1,9.5e-008,1.05e-007,4.5e-008
-0.71244,-0.16052,-0.68313,-7.1244,-0.32105,-0.68313,1,1.05e-007,1.05e-007,4.5e-008
-0.036724,0.080376,-0.99609,-0.36724,0.16075,-0.99609,1,1.15e-007,6.5e-008,4.5e-008
-0.67454,0.55815,0.48319,-6.7454,1.1163,0.48319,1,1.15e-007,5.5e-008,4.5e-008
-0.14804,0.058926,-0.98722,-1.4804,0.11785,-0.98722,1,1.15e-007,7.5e-008,4.5e-008
-0.31203,0.019897,-0.94987,-3.1203,0.039794,-0.94987,1,1.15e-007,8.5e-008,4.5e-008
-0.4609,-0.0032608,-0.88745,-4.609,-0.0065216,-0.88745,1,1.15e-007,9.5e-008,4.5e-008
-0.55229,0.0019326,-0.83365,-5.5229,0.0038653,-0.83365,1,1.15e-007,1.05e-007,4.5e-008
-0.074936,0.12962,-0.98873,-0.74936,0.25924,-0.98873,1,1.25e-007,7.5e-008,4.5e-008
-0.0271,0.13149,-0.99095,-0.271,0.26299,-0.99095,1,1.25e-007,6.5e-008,4.5e-008
-0.1808,0.1263,-0.97538,-1.808,0.25259,-0.97538,1,1.25e-007,8.5e-008,4.5e-008
-0.306,0.11972,-0.94447,-3.06,0.23945,-0.94447,1,1.25e-007,9.5e-008,4.5e-008
-0.11391,-0.68292,-0.72156,-1.1391,-1.3658,-0.72156,1,3.5e-008,6.5e-008,5.5e-008
-0.277,-0.73525,0.61862,-2.77,-1.4705,0.61862,1,3.5e-008,7.5e-008,5.5e-008
-0.2245,0.079761,0.97121,-2.245,0.15952,0.97121,1,4.5e-008,7.5e-008,5.5e-008
-0.3122,0.042088,0.94908,-3.122,0.084175,0.94908,1,4.5e-008,6.5e-008,5.5e-008
-0.091644,0.13572,0.9865,-0.91644,0.27145,0.9865,1,3.5e-008,8.5e-008,5.5e-008
-0.11903,0.10599,0.98722,-1.1903,0.21197,0.98722,1,4.5e-008,8.5e-008,5.5e-008
-0.096716,0.38568,-0.91755,-0.96716,0.77136,-0.91755,1,3.5e-008,9.5e-008,5.5e-008
-0.024108,0.11995,0.99249,-0.24108,0.2399,0.99249,1,4.5e-008,9.5e-008,5.5e-008
0.4549,-0.13708,-0.87993,4.549,-0.27417,-0.87993,1,4.5e-008,5.5e-008,5.5e-008
-0.42171,-0.05504,0.90506,-4.2171,-0.11008,0.90506,1,5.5e-008,6.5e-008,5.5e-008
0.60976,0.64495,0.46069,6.0976,1.2899,0.46069,1,5.5e-008,5.5e-008,5.5e-008
-0.34435,-0.036784,0.93812,-3.4435,-0.073568,0.93812,1,5.5e-008,7.5e-008,5.5e-008
-0.2136,0.01249,0.97684,-2.136,0.02498,0.97684,1,5.5e-008,8.5e-008,5.5e-008
-0.065104,0.060412,0.99605,-0.65104,0.12082,0.99605,1,5.5e-008,9.5e-008,5.5e-008
0.024751,0.1197,0.9925,0.24751,0.23939,0.9925,1,4.5e-008,1.05e-007,5.5e-008
0.032044,0.07668,0.99654,0.32044,0.15336,0.99654,1,5.5e-008,1.05e-007,5.5e-008
-0.57167,-0.22137,0.79006,-5.7167,-0.44273,0.79006,1,6.5e-008,6.5e-008,5.5e-008
-0.72409,-0.35103,-0.5937,-7.2409,-0.70206,-0.5937,1,6.5e-008,5.5e-008,5.5e-008
-0.54212,-0.2277,0.80886,-5.4212,-0.4554,0.80886,1,6.5e-008,7.5e-008,5.5e-008
-0.41957,-0.14316,0.89636,-4.1957,-0.28631,0.89636,1,6.5e-008,8.5e-008,5.5e-008
-0.19459,-0.036065,0.98022,-1.9459,-0.07213,0.98022,1,6.5e-008,9.5e-008,5.5e-008
-0.016988,0.013891,0.99976,-0.16988,0.027783,0.99976,1,6.5e-008,1.05e-007,5.5e-008
-0.7647,-0.39479,0.5093,-7.647,-0.78957,0.5093,1,7.5e-008,7.5e-008,5.5e-008
-0.71681,-0.35787,0.59843,-7.1681,-0.71573,0.59843,1,7.5e-008,6.5e-008,5.5e-008
-0.74289,-0.28148,0.60735,-7.4289,-0.56296,0.60735,1,7.5e-008,8.5e-008,5.5e-008
-0.45362,-0.1336,0.88112,-4.5362,-0.2672,0.88112,1,7.5e-008,9.5e-008,5.5e-008
-0.82737,-0.54353,0.14154,-8.2737,-1.0871,0.14154,1,8.5e-008,7.5e-008,5.5e-008
0.41489,-0.80523,0.42364,4.1489,-1.6105,0.42364,1,8.5e-008,6.5e-008,5.5e-008
-0.95106,-0.30737,-0.031711,-9.5106,-0.61473,-0.031711,1,8.5e-008,8.5e-008,5.5e-008
-0.83955,0.46155,-0.28656,-8.3955,0.92311,-0.28656,1,8.5e-008,9.5e-008,5.5e-008
-0.45957,-0.13742,-0.87744,-4.5957,-0.27485,-0.87744,1,9.5e-008,7.5e-008,5.5e-008
-0.16314,-0.066603,-0.98435,-1.6314,-0.13321,-0.98435,1,9.5e-008,6.5e-008,5.5e-008
-0.71726,-0.28955,-0.6338,-7.1726,-0.5791,-0.6338,1,9.5e-008,8.5e-008,5.5e-008
-0.73507,-0.38476,-0.55823,-7.3507,-0.76953,-0.55823,1,9.5e-008,9.5e-008,5.5e-008
-0.74823,0.66322,0.017252,-7.4823,1.3264,0.017252,1,9.5e-008,5.5e-008,5.5e-008
-0.019756,0.019859,-0.99961,-0.19756,0.039719,-0.99961,1,1.05e-007,6.5e-008,5.5e-008
0.1835,-0.56898,0.80162,1.835,-1.138,0.80162,1,1.05e-007,5.5e-008,5.5e-008
-0.19949,-0.032913,-0.97935,-1.9949,-0.065826,-0.97935,1,1.05e-007,7.5e-008,5.5e-008
-0.40837,-0.13514,-0.90276,-4.0837,-0.27029,-0.90276,1,1.05e-007,8.5e-008,5.5e-008
-0.52264,-0.20624,-0.82723,-5.2264,-0.41248,-0.82723,1,1.05e-007,9.5e-008,5.5e-008
-0.68621,-0.33307,-0.64667,-6.8621,-0.66614,-0.64667,1,9.5e-008,1.05e-007,5.5e-008
-0.553,-0.19502,-0.81004,-5.53,-0.39003,-0.81004,1,1.05e-007,1.05e-007,5.5e-008
0.027395,0.08284,-0.99619,0.27395,0.16568,-0.99619,1,1.15e-007,6.5e-008,5.5e-008
0.67152,0.22097,-0.70727,6.7152,0.44195,-0.70727,1,1.15e-007,5.5e-008,5.5e-008
-0.072337,0.066433,-0.99517,-0.72337,0.13287,-0.99517,1,1.15e-007,7.5e-008,5.5e-008
-0.21465,0.021688,-0.97645,-2.1465,0.043376,-0.97645,1,1.15e-007,8.5e-008,5.5e-008
-0.33814,-0.021449,-0.94085,-3.3814,-0.042898,-0.94085,1,1.15e-007,9.5e-008,5.5e-008
-0.41129,-0.040416,-0.91061,-4.1129,-0.080832,-0.91061,1,1.15e-007,1.05e-007,5.5e-008
-0.032524,0.12392,-0.99176,-0.32524,0.24785,-0.99176,1,1.25e-007,7.5e-008,5.5e-008
0.01619,0.12591,-0.99191,0.1619,0.25183,-0.99191,1,1.25e-007,6.5e-008,5.5e-008
-0.12525,0.11035,-0.98597,-1.2525,0.22071,-0.98597,1,1.25e-007,8.5e-008,5.5e-008
-0.22683,0.084667,-0.97025,-2.2683,0.16933,-0.97025,1,1.25e-007,9.5e-008,5.5e-008
0.97628,-0.14251,-0.16301,9.7628,-0.28502,-0.16301,1,3.5e-008,6.5e-008,6.5e-008
0.31805,-0.51407,-0.7966,3.1805,-1.0281,-0.7966,1,3.5e-008,7.5e-008,6.5e-008
-0.17758,0.081511,0.98072,-1.7758,0.16302,0.98072,1,4.5e-008,7.5e-008,6.5e-008
-0.24867,0.036814,0.96789,-2.4867,0.073627,0.96789,1,4.5e-008,6.5e-008,6.5e-008
-0.066504,0.13606,0.98847,-0.66504,0.27211,0.98847,1,3.5e-008,8.5e-008,6.5e-008
-0.084756,0.11347,0.98992,-0.84756,0.22693,0.98992,1,4.5e-008,8.5e-008,6.5e-008
0.33559,-0.66061,0.67155,3.3559,-1.3212,0.67155,1,3.5e-008,9.5e-008,6.5e-008
0.005129,0.12586,0.99203,0.05129,0.25172,0.99203,1,4.5e-008,9.5e-008,6.5e-008
-0.68195,0.52157,-0.51275,-6.8195,1.0431,-0.51275,1,4.5e-008,5.5e-008,6.5e-008
-0.32749,-0.05166,0.94344,-3.2749,-0.10332,0.94344,1,5.5e-008,6.5e-008,6.5e-008
0.4667,0.73244,0.4957,4.667,1.4649,0.4957,1,5.5e-008,5.5e-008,6.5e-008
-0.26626,-0.017293,0.96375,-2.6626,-0.034587,0.96375,1,5.5e-008,7.5e-008,6.5e-008
-0.15059,0.036553,0.98792,-1.5059,0.073105,0.98792,1,5.5e-008,8.5e-008,6.5e-008
-0.012524,0.075116,0.9971,-0.12524,0.15023,0.9971,1,5.5e-008,9.5e-008,6.5e-008
0.056384,0.12051,0.99111,0.56384,0.24102,0.99111,1,4.5e-008,1.05e-007,6.5e-008
0.078026,0.078823,0.99383,0.78026,0.15765,0.99383,1,5.5e-008,1.05e-007,6.5e-008
-0.4424,-0.21176,0.87146,-4.424,-0.42352,0.87146,1,6.5e-008,6.5e-008,6.5e-008
-0.59021,0.25228,0.76682,-5.9021,0.50457,0.76682,1,6.5e-008,5.5e-008,6.5e-008
-0.42611,-0.20222,0.88178,-4.2611,-0.40444,0.88178,1,6.5e-008,7.5e-008,6.5e-008
-0.30844,-0.1153,0.94423,-3.0844,-0.23059,0.94423,1,6.5e-008,8.5e-008,6.5e-008
-0.091282,-0.022891,0.99556,-0.91282,-0.045783,0.99556,1,6.5e-008,9.5e-008,6.5e-008
0.064702,0.010879,0.99785,0.64702,0.021757,0.99785,1,6.5e-008,1.05e-007,6.5e-008
-0.65047,-0.4258,0.62895,-6.5047,-0.8516,0.62895,1,7.5e-008,7.5e-008,6.5e-008
-0.57367,-0.37878,0.72624,-5.7367,-0.75756,0.72624,1,7.5e-008,6.5e-008,6.5e-008
-0.6198,-0.32662,0.71357,-6.198,-0.65323,0.71357,1,7.5e-008,8.5e-008,6.5e-008
-0.28882,-0.16991,0.94218,-2.8882,-0.33983,0.94218,1,7.5e-008,9.5e-008,6.5e-008
0.7485,-0.40352,-0.52623,7.485,-0.80705,-0.52623,1,8.5e-008,7.5e-008,6.5e-008
-0.33656,-0.42501,-0.84029,-3.3656,-0.85002,-0.84029,1,8.5e-008,6.5e-008,6.5e-008
-0.89539,-0.4432,-0.042974,-8.9539,-0.88641,-0.042974,1,8.5e-008,8.5e-008,6.5e-008
0.54577,0.12295,-0.82887,5.4577,0.24591,-0.82887,1,8.5e-008,9.5e-008,6.5e-008
-0.30151,-0.16463,-0.93914,-3.0151,-0.32926,-0.93914,1,9.5e-008,7.5e-008,6.5e-008
-0.025698,-0.083485,-0.99618,-0.25698,-0.16697,-0.99618,1,9.5e-008,6.5e-008,6.5e-008
-0.5937,-0.31929,-0.73863,-5.937,-0.63859,-0.73863,1,9.5e-008,8.5e-008,6.5e-008
-0.61458,-0.40328,-0.67799,-6.1458,-0.80655,-0.67799,1,9.5e-008,9.5e-008,6.5e-008
0.16424,-0.75652,-0.63302,1.6424,-1.513,-0.63302,1,9.5e-008,5.5e-008,6.5e-008
0.058463,0.019413,-0.9981,0.58463,0.038827,-0.9981,1,1.05e-007,6.5e-008,6.5e-008
0.59885,-0.30549,0.74031,5.9885,-0.61099,0.74031,1,1.05e-007,5.5e-008,6.5e-008
-0.10211,-0.015412,-0.99465,-1.0211,-0.030825,-0.99465,1,1.05e-007,7.5e-008,6.5e-008
-0.30283,-0.1045,-0.9473,-3.0283,-0.20899,-0.9473,1,1.05e-007,8.5e-008,6.5e-008
-0.40889,-0.1806,-0.89453,-4.0889,-0.3612,-0.89453,1,1.05e-007,9.5e-008,6.5e-008
-0.54092,-0.34581,-0.76669,-5.4092,-0.69162,-0.76669,1,9.5e-008,1.05e-007,6.5e-008
-0.42619,-0.18718,-0.88506,-4.2619,-0.37435,-0.88506,1,1.05e-007,1.05e-007,6.5e-008
0.070774,0.086152,-0.99376,0.70774,0.1723,-0.99376,1,1.15e-007,6.5e-008,6.5e-008
-0.34097,-0.81162,0.47436,-3.4097,-1.6232,0.47436,1,1.15e-007,5.5e-008,6.5e-008
-0.023028,0.081543,-0.9964,-0.23028,0.16309,-0.9964,1,1.15e-007,7.5e-008,6.5e-008
-0.15491,0.043744,-0.98696,-1.5491,0.087488,-0.98696,1,1.15e-007,8.5e-008,6.5e-008
-0.26265,-0.0060079,-0.96487,-2.6265,-0.012016,-0.96487,1,1.15e-007,9.5e-008,6.5e-008
-0.32006,-0.040347,-0.94654,-3.2006,-0.080695,-0.94654,1,1.15e-007,1.05e-007,6.5e-008
-0.0045732,0.12935,-0.99159,-0.045732,0.2587,-0.99159,1,1.25e-007,7.5e-008,6.5e-008
0.046171,0.12686,-0.99085,0.46171,0.25372,-0.99085,1,1.25e-007,6.5e-008,6.5e-008
-0.091989,0.11595,-0.98899,-0.91989,0.23191,-0.98899,1,1.25e-007,8.5e-008,6.5e-008
-0.18059,0.083898,-0.97997,-1.8059,0.1678,-0.97997,1,1.25e-007,9.5e-008,6.5e-008
0.67436,-0.47962,0.56143,6.7436,-0.95924,0.56143,1,3.5e-008,6.5e-008,7.5e-008
-0.84937,0.50387,0.15712,-8.4937,1.0077,0.15712,1,3.5e-008,7.5e-008,7.5e-008
-0.14985,0.095584,0.98408,-1.4985,0.19117,0.98408,1,4.5e-008,7.5e-008,7.5e-008
-0.21331,0.049616,0.97572,-2.1331,0.099232,0.97572,1,4.5e-008,6.5e-008,7.5e-008
-0.04827,0.14461,0.98831,-0.4827,0.28923,0.98831,1,3.5e-008,8.5e-008,7.5e-008
-0.06067,0.12726,0.99001,-0.6067,0.25453,0.99001,1,4.5e-008,8.5e-008,7.5e-008
0.47908,-0.2455,-0.84274,4.7908,-0.49101,-0.84274,1,3.5e-008,9.5e-008,7.5e-008
0.029151,0.13443,0.99049,0.29151,0.26885,0.99049,1,4.5e-008,9.5e-008,7.5e-008
-0.5707,0.24364,-0.78418,-5.707,0.48727,-0.78418,1,4.5e-008,5.5e-008,7.5e-008
-0.27515,-0.031525,0.96089,-2.7515,-0.06305,0.96089,1,5.5e-008,6.5e-008,7.5e-008
-0.93886,0.0051491,-0.34426,-9.3886,0.010298,-0.34426,1,5.5e-008,5.5e-008,7.5e-008
-0.21944,0.011364,0.97556,-2.1944,0.022727,0.97556,1,5.5e-008,7.5e-008,7.5e-008
-0.10639,0.06276,0.99234,-1.0639,0.12552,0.99234,1,5.5e-008,8.5e-008,7.5e-008
0.029077,0.087962,0.9957,0.29077,0.17592,0.9957,1,5.5e-008,9.5e-008,7.5e-008
0.083382,0.12269,0.98894,0.83382,0.24538,0.98894,1,4.5e-008,1.05e-007,7.5e-008
0.11556,0.078867,0.99017,1.1556,0.15773,0.99017,1,5.5e-008,1.05e-007,7.5e-008
-0.36029,-0.18364,0.91459,-3.6029,-0.36727,0.91459,1,6.5e-008,6.5e-008,7.5e-008
-0.37696,0.91307,-0.15556,-3.7696,1.8261,-0.15556,1,6.5e-008,5.5e-008,7.5e-008
-0.34507,-0.16403,0.92413,-3.4507,-0.32805,0.92413,1,6.5e-008,7.5e-008,7.5e-008
-0.22182,-0.084641,0.97141,-2.2182,-0.16928,0.97141,1,6.5e-008,8.5e-008,7.5e-008
-0.0094329,-0.014852,0.99985,-0.094329,-0.029704,0.99985,1,6.5e-008,9.5e-008,7.5e-008
0.12697,0.0022737,0.9919,1.2697,0.0045474,0.9919,1,6.5e-008,1.05e-007,7.5e-008
-0.53947,-0.43453,0.72122,-5.3947,-0.86906,0.72122,1,7.5e-008,7.5e-008,7.5e-008
-0.45648,-0.37032,0.809,-4.5648,-0.74065,0.809,1,7.5e-008,6.5e-008,7.5e-008
-0.48888,-0.36511,0.79227,-4.8888,-0.73022,0.79227,1,7.5e-008,8.5e-008,7.5e-008
-0.14337,-0.20909,0.96733,-1.4337,-0.41818,0.96733,1,7.5e-008,9.5e-008,7.5e-008
0.30916,0.33787,0.88897,3.0916,0.67575,0.88897,1,8.5e-008,7.5e-008,7.5e-008
0.90449,-0.089831,0.41692,9.0449,-0.17966,0.41692,1,8.5e-008,6.5e-008,7.5e-008
-0.79321,-0.60647,-0.054902,-7.9321,-1.2129,-0.054902,1,8.5e-008,8.5e-008,7.5e-008
-0.68194,0.17976,-0.70897,-6.8194,0.35951,-0.70897,1,8.5e-008,9.5e-008,7.5e-008
-0.16154,-0.19422,-0.96756,-1.6154,-0.38845,-0.96756,1,9.5e-008,7.5e-008,7.5e-008
0.077822,-0.10713,-0.99119,0.77822,-0.21426,-0.99119,1,9.5e-008,6.5e-008,7.5e-008
-0.46907,-0.33908,-0.81548,-4.6907,-0.67816,-0.81548,1,9.5e-008,8.5e-008,7.5e-008
-0.50558,-0.39821,-0.76539,-5.0558,-0.79642,-0.76539,1,9.5e-008,9.5e-008,7.5e-008
-0.60596,0.44115,0.66197,-6.0596,0.8823,0.66197,1,9.5e-008,5.5e-008,7.5e-008
0.1187,0.013589,-0.99284,1.187,0.027178,-0.99284,1,1.05e-007,6.5e-008,7.5e-008
-0.59034,-0.80302,0.081546,-5.9034,-1.606,0.081546,1,1.05e-007,5.5e-008,7.5e-008
-0.025232,-0.0024801,-0.99968,-0.25232,-0.0049601,-0.99968,1,1.05e-007,7.5e-008,7.5e-008
-0.22325,-0.07056,-0.9722,-2.2325,-0.14112,-0.9722,1,1.05e-007,8.5e-008,7.5e-008
-0.33278,-0.1426,-0.93216,-3.3278,-0.2852,-0.93216,1,1.05e-007,9.5e-008,7.5e-008
-0.43023,-0.33055,-0.84002,-4.3023,-0.6611,-0.84002,1,9.5e-008,1.05e-007,7.5e-008
-0.34812,-0.16091,-0.92354,-3.4812,-0.32181,-0.92354,1,1.05e-007,1.05e-007,7.5e-008
0.10646,0.087779,-0.99043,1.0646,0.17556,-0.99043,1,1.15e-007,6.5e-008,7.5e-008
0.34894,0.44133,0.82672,3.4894,0.88266,0.82672,1,1.15e-007,5.5e-008,7.5e-008
0.015729,0.095673,-0.99529,0.15729,0.19135,-0.99529,1,1.15e-007,7.5e-008,7.5e-008
-0.11406,0.069174,-0.99106,-1.1406,0.13835,-0.99106,1,1.15e-007,8.5e-008,7.5e-008
-0.21845,0.019885,-0.97564,-2.1845,0.03977,-0.97564,1,1.15e-007,9.5e-008,7.5e-008
-0.26988,-0.022436,-0.96263,-2.6988,-0.044873,-0.96263,1,1.15e-007,1.05e-007,7.5e-008
0.018165,0.13818,-0.99024,0.18165,0.27635,-0.99024,1,1.25e-007,7.5e-008,7.5e-008
0.071774,0.12984,-0.98893,0.71774,0.25969,-0.98893,1,1.25e-007,6.5e-008,7.5e-008
-0.06907,0.12891,-0.98925,-0.6907,0.25783,-0.98925,1,1.25e-007,8.5e-008,7.5e-008
-0.15349,0.096519,-0.98343,-1.5349,0.19304,-0.98343,1,1.25e-007,9.5e-008,7.5e-008
-0.36985,-0.53284,-0.76111,-3.6985,-1.0657,-0.76111,1,3.5e-008,6.5e-008,8.5e-008
-0.42486,0.61059,0.66834,-4.2486,1.2212,0.66834,1,3.5e-008,7.5e-008,8.5e-008
-0.13128,0.11298,0.98489,-1.3128,0.22596,0.98489,1,4.5e-008,7.5e-008,8.5e-008
-0.19329,0.067973,0.97878,-1.9329,0.13595,0.97878,1,4.5e-008,6.5e-008,8.5e-008
-0.032736,0.15605,0.98721,-0.32736,0.31209,0.98721,1,3.5e-008,8.5e-008,8.5e-008
-0.04012,0.14196,0.98906,-0.4012,0.28392,0.98906,1,4.5e-008,8.5e-008,8.5e-008
-0.85597,-0.088383,0.50942,-8.5597,-0.17677,0.50942,1,3.5e-008,9.5e-008,8.5e-008
0.05235,0.14284,0.98836,0.5235,0.28568,0.98836,1,4.5e-008,9.5e-008,8.5e-008
0.49484,0.32505,0.8059,4.9484,0.6501,0.8059,1,4.5e-008,5.5e-008,8.5e-008
-0.24743,-0.0077206,0.96887,-2.4743,-0.015441,0.96887,1,5.5e-008,6.5e-008,8.5e-008
0.38842,0.88446,-0.25858,3.8842,1.7689,-0.25858,1,5.5e-008,5.5e-008,8.5e-008
-0.18857,0.039279,0.98127,-1.8857,0.078559,0.98127,1,5.5e-008,7.5e-008,8.5e-008
-0.069502,0.084943,0.99396,-0.69502,0.16989,0.99396,1,5.5e-008,8.5e-008,8.5e-008
0.067376,0.096279,0.99307,0.67376,0.19256,0.99307,1,5.5e-008,9.5e-008,8.5e-008
0.10986,0.12452,0.98612,1.0986,0.24903,0.98612,1,4.5e-008,1.05e-007,8.5e-008
0.15062,0.076106,0.98566,1.5062,0.15221,0.98566,1,5.5e-008,1.05e-007,8.5e-008
-0.31441,-0.15275,0.93692,-3.1441,-0.30551,0.93692,1,6.5e-008,6.5e-008,8.5e-008
0.067735,-0.90529,0.41935,0.67735,-1.8106,0.41935,1,6.5e-008,5.5e-008,8.5e-008
-0.28768,-0.1278,0.94916,-2.8768,-0.2556,0.94916,1,6.5e-008,7.5e-008,8.5e-008
-0.1475,-0.061436,0.98715,-1.475,-0.12287,0.98715,1,6.5e-008,8.5e-008,8.5e-008
0.062071,-0.015954,0.99794,0.62071,-0.031909,0.99794,1,6.5e-008,9.5e-008,8.5e-008
0.17995,-0.012188,0.9836,1.7995,-0.024375,0.9836,1,6.5e-008,1.05e-007,8.5e-008
-0.43958,-0.43291,0.78699,-4.3958,-0.86582,0.78699,1,7.5e-008,7.5e-008,8.5e-008
-0.37789,-0.34991,0.85718,-3.7789,-0.69982,0.85718,1,7.5e-008,6.5e-008,8.5e-008
-0.34941,-0.40386,0.84546,-3.4941,-0.80771,0.84546,1,7.5e-008,8.5e-008,8.5e-008
-0.012843,-0.25483,0.9669,-0.12843,-0.50965,0.9669,1,7.5e-008,9.5e-008,8.5e-008
0.49873,-0.38648,0.77583,4.9873,-0.77296,0.77583,1,8.5e-008,7.5e-008,8.5e-008
0.22471,0.53359,0.81534,2.2471,1.0672,0.81534,1,8.5e-008,6.5e-008,8.5e-008
-0.62486,-0.77788,-0.066729,-6.2486,-1.5558,-0.066729,1,8.5e-008,8.5e-008,8.5e-008
-0.45404,-0.75185,-0.47809,-4.5404,-1.5037,-0.47809,1,8.5e-008,9.5e-008,8.5e-008
-0.034328,-0.23124,-0.97229,-0.34328,-0.46249,-0.97229,1,9.5e-008,7.5e-008,8.5e-008
0.16027,-0.13838,-0.97733,1.6027,-0.27676,-0.97733,1,9.5e-008,6.5e-008,8.5e-008
-0.34221,-0.35879,-0.86843,-3.4221,-0.71758,-0.86843,1,9.5e-008,8.5e-008,8.5e-008
-0.41522,-0.3842,-0.82461,-4.1522,-0.76841,-0.82461,1,9.5e-008,9.5e-008,8.5e-008
-0.95938,-0.25295,-0.12494,-9.5938,-0.5059,-0.12494,1,9.5e-008,5.5e-008,8.5e-008
0.17064,0.0018679,-0.98533,1.7064,0.0037359,-0.98533,1,1.05e-007,6.5e-008,8.5e-008
-0.21258,0.93408,0.28688,-2.1258,1.8682,0.28688,1,1.05e-007,5.5e-008,8.5e-008
0.042317,0.001493,-0.9991,0.42317,0.002986,-0.9991,1,1.05e-007,7.5e-008,8.5e-008
-0.15664,-0.043562,-0.98669,-1.5664,-0.087124,-0.98669,1,1.05e-007,8.5e-008,8.5e-008
-0.28149,-0.10641,-0.95365,-2.8149,-0.21281,-0.95365,1,1.05e-007,9.5e-008,8.5e-008
-0.36087,-0.30563,-0.88111,-3.6087,-0.61126,-0.88111,1,9.5e-008,1.05e-007,8.5e-008
-0.30583,-0.13155,-0.94295,-3.0583,-0.2631,-0.94295,1,1.05e-007,1.05e-007,8.5e-008
0.14013,0.0868,-0.98632,1.4013,0.1736,-0.98632,1,1.15e-007,6.5e-008,8.5e-008
0.37901,0.90068,-0.21243,3.7901,1.8014,-0.21243,1,1.15e-007,5.5e-008,8.5e-008
0.051474,0.10583,-0.99305,0.51474,0.21166,-0.99305,1,1.15e-007,7.5e-008,8.5e-008
-0.080676,0.091555,-0.99253,-0.80676,0.18311,-0.99253,1,1.15e-007,8.5e-008,8.5e-008
-0.19032,0.046115,-0.98064,-1.9032,0.092229,-0.98064,1,1.15e-007,9.5e-008,8.5e-008
-0.24362,-6.7492e-005,-0.96987,-2.4362,-0.00013498,-0.96987,1,1.15e-007,1.05e-007,8.5e-008
0.039987,0.14729,-0.98828,0.39987,0.29458,-0.98828,1,1.25e-007,7.5e-008,8.5e-008
0.096944,0.13285,-0.98638,0.96944,0.26571,-0.98638,1,1.25e-007,6.5e-008,8.5e-008
-0.049977,0.14343,-0.9884,-0.49977,0.28686,-0.9884,1,1.25e-007,8.5e-008,8.5e-008
-0.13576,0.11311,-0.98426,-1.3576,0.22622,-0.98426,1,1.25e-007,9.5e-008,8.5e-008
0.90796,0.12714,-0.39931,9.0796,0.25428,-0.39931,1,3.5e-008,6.5e-008,9.5e-008
-0.11763,-0.48703,-0.86543,-1.1763,-0.97405,-0.86543,1,3.5e-008,7.5e-008,9.5e-008
-0.11714,0.1306,0.98449,-1.1714,0.2612,0.98449,1,4.5e-008,7.5e-008,9.5e-008
-0.18125,0.087083,0.97957,-1.8125,0.17417,0.97957,1,4.5e-008,6.5e-008,9.5e-008
-0.018351,0.16854,0.98552,-0.18351,0.33708,0.98552,1,3.5e-008,8.5e-008,9.5e-008
-0.020836,0.15611,0.98752,-0.20836,0.31221,0.98752,1,4.5e-008,8.5e-008,9.5e-008
0.57179,0.57791,0.58231,5.7179,1.1558,0.58231,1,3.5e-008,9.5e-008,9.5e-008
0.07571,0.15067,0.98568,0.7571,0.30133,0.98568,1,4.5e-008,9.5e-008,9.5e-008
0.50606,0.61694,-0.60273,5.0606,1.2339,-0.60273,1,4.5e-008,5.5e-008,9.5e-008
-0.23247,0.015003,0.97249,-2.3247,0.030006,0.97249,1,5.5e-008,6.5e-008,9.5e-008
0.64476,0.71824,0.26158,6.4476,1.4365,0.26158,1,5.5e-008,5.5e-008,9.5e-008
-0.16535,0.063902,0.98416,-1.6535,0.1278,0.98416,1,5.5e-008,7.5e-008,9.5e-008
-0.035613,0.10248,0.9941,-0.35613,0.20496,0.9941,1,5.5e-008,8.5e-008,9.5e-008
0.10432,0.10069,0.98943,1.0432,0.20138,0.98943,1,5.5e-008,9.5e-008,9.5e-008
0.13662,0.12591,0.98259,1.3662,0.25182,0.98259,1,4.5e-008,1.05e-007,9.5e-008
0.18457,0.071385,0.98022,1.8457,0.14277,0.98022,1,5.5e-008,1.05e-007,9.5e-008
-0.28946,-0.1246,0.94905,-2.8946,-0.24921,0.94905,1,6.5e-008,6.5e-008,9.5e-008
-0.35396,-0.90637,-0.23068,-3.5396,-1.8127,-0.23068,1,6.5e-008,5.5e-008,9.5e-008
-0.24354,-0.097117,0.96502,-2.4354,-0.19423,0.96502,1,6.5e-008,7.5e-008,9.5e-008
-0.079723,-0.046173,0.99575,-0.79723,-0.092346,0.99575,1,6.5e-008,8.5e-008,9.5e-008
0.12677,-0.024046,0.99164,1.2677,-0.048091,0.99164,1,6.5e-008,9.5e-008,9.5e-008
0.22692,-0.030148,0.97345,2.2692,-0.060296,0.97345,1,6.5e-008,1.05e-007,9.5e-008
-0.35122,-0.4248,0.83438,-3.5122,-0.8496,0.83438,1,7.5e-008,7.5e-008,9.5e-008
-0.32904,-0.32656,0.88606,-3.2904,-0.65312,0.88606,1,7.5e-008,6.5e-008,9.5e-008
-0.20552,-0.43637,0.87598,-2.0552,-0.87275,0.87598,1,7.5e-008,8.5e-008,9.5e-008
0.10302,-0.29976,0.94844,1.0302,-0.59952,0.94844,1,7.5e-008,9.5e-008,9.5e-008
-0.50178,-0.84902,-0.16551,-5.0178,-1.698,-0.16551,1,8.5e-008,7.5e-008,9.5e-008
-0.3902,0.33439,0.85786,-3.902,0.66879,0.85786,1,8.5e-008,6.5e-008,9.5e-008
-0.40127,-0.91268,-0.077488,-4.0127,-1.8254,-0.077488,1,8.5e-008,8.5e-008,9.5e-008
0.0086336,-0.46687,-0.88428,0.086336,-0.93374,-0.88428,1,8.5e-008,9.5e-008,9.5e-008
0.080561,-0.26942,-0.95965,0.80561,-0.53885,-0.95965,1,9.5e-008,7.5e-008,9.5e-008
0.22763,-0.17255,-0.95834,2.2763,-0.34509,-0.95834,1,9.5e-008,6.5e-008,9.5e-008
-0.21477,-0.37556,-0.90157,-2.1477,-0.75112,-0.90157,1,9.5e-008,8.5e-008,9.5e-008
-0.34076,-0.36679,-0.86565,-3.4076,-0.73358,-0.86565,1,9.5e-008,9.5e-008,9.5e-008
-0.70006,0.32281,-0.63696,-7.0006,0.64562,-0.63696,1,9.5e-008,5.5e-008,9.5e-008
0.21724,-0.013576,-0.97602,2.1724,-0.027153,-0.97602,1,1.05e-007,6.5e-008,9.5e-008
0.45304,-0.09231,-0.8867,4.5304,-0.18462,-0.8867,1,1.05e-007,5.5e-008,9.5e-008
0.10409,-0.0017521,-0.99457,1.0409,-0.0035041,-0.99457,1,1.05e-007,7.5e-008,9.5e-008
-0.096617,-0.024324,-0.99502,-0.96617,-0.048648,-0.99502,1,1.05e-007,8.5e-008,9.5e-008
-0.24381,-0.075534,-0.96688,-2.4381,-0.15107,-0.96688,1,1.05e-007,9.5e-008,9.5e-008
-0.32055,-0.27966,-0.90501,-3.2055,-0.55932,-0.90501,1,9.5e-008,1.05e-007,9.5e-008
-0.28373,-0.10458,-0.95318,-2.8373,-0.20916,-0.95318,1,1.05e-007,1.05e-007,9.5e-008
0.17303,0.083926,-0.98133,1.7303,0.16785,-0.98133,1,1.15e-007,6.5e-008,9.5e-008
0.45692,-0.68248,0.57048,4.5692,-1.365,0.57048,1,1.15e-007,5.5e-008,9.5e-008
0.086153,0.11239,-0.98992,0.86153,0.22478,-0.98992,1,1.15e-007,7.5e-008,9.5e-008
-0.050339,0.10996,-0.99266,-0.50339,0.21992,-0.99266,1,1.15e-007,8.5e-008,9.5e-008
-0.16993,0.069813,-0.98298,-1.6993,0.13963,-0.98298,1,1.15e-007,9.5e-008,9.5e-008
-0.22976,0.021725,-0.97301,-2.2976,0.043449,-0.97301,1,1.15e-007,1.05e-007,9.5e-008
0.061909,0.15608,-0.9858,0.61909,0.31215,-0.9858,1,1.25e-007,7.5e-008,9.5e-008
0.12247,0.13566,-0.98316,1.2247,0.27132,-0.98316,1,1.25e-007,6.5e-008,9.5e-008
-0.032366,0.15781,-0.98694,-0.32366,0.31563,-0.98694,1,1.25e-007,8.5e-008,9.5e-008
-0.12267,0.13032,-0.98385,-1.2267,0.26063,-0.98385,1,1.25e-007,9.5e-008,9.5e-008
0.82341,0.4499,0.34581,8.2341,0.89979,0.34581,1,3.5e-008,6.5e-008,1.05e-007
0.00097622,0.026122,0.99966,0.0097622,0.052243,0.99966,1,3.5e-008,7.5e-008,1.05e-007
-0.10635,0.14763,0.98331,-1.0635,0.29526,0.98331,1,4.5e-008,7.5e-008,1.05e-007
-0.1744,0.10532,0.97903,-1.744,0.21063,0.97903,1,4.5e-008,6.5e-008,1.05e-007
-0.0053598,0.18169,0.98334,-0.053598,0.36338,0.98334,1,3.5e-008,8.5e-008,1.05e-007
-0.003276,0.16978,0.98548,-0.03276,0.33956,0.98548,1,4.5e-008,8.5e-008,1.05e-007
-0.10691,-0.98993,-0.092786,-1.0691,-1.9799,-0.092786,1,3.5e-008,9.5e-008,1.05e-007
0.098186,0.15845,0.98247,0.98186,0.31689,0.98247,1,4.5e-008,9.5e-008,1.05e-007
0.13803,0.35067,0.92627,1.3803,0.70134,0.92627,1,4.5e-008,5.5e-008,1.05e-007
-0.22495,0.035176,0.97374,-2.2495,0.070352,0.97374,1,5.5e-008,6.5e-008,1.05e-007
0.71749,-0.612,0.33266,7.1749,-1.224,0.33266,1,5.5e-008,5.5e-008,1.05e-007
-0.14749,0.085158,0.98539,-1.4749,0.17032,0.98539,1,5.5e-008,7.5e-008,1.05e-007
-0.0052865,0.11673,0.99315,-0.052865,0.23345,0.99315,1,5.5e-008,8.5e-008,1.05e-007
0.13851,0.10321,0.98497,1.3851,0.20642,0.98497,1,5.5e-008,9.5e-008,1.05e-007
0.16255,0.12764,0.97841,1.6255,0.25528,0.97841,1,4.5e-008,1.05e-007,1.05e-007
0.2163,0.066388,0.97407,2.163,0.13278,0.97407,1,5.5e-008,1.05e-007,1.05e-007
-0.27647,-0.10073,0.95573,-2.7647,-0.20146,0.95573,1,6.5e-008,6.5e-008,1.05e-007
-0.86336,0.46397,0.19837,-8.6336,0.92794,0.19837,1,6.5e-008,5.5e-008,1.05e-007
-0.20909,-0.071762,0.97526,-2.0909,-0.14352,0.97526,1,6.5e-008,7.5e-008,1.05e-007
-0.020226,-0.035757,0.99916,-0.20226,-0.071513,0.99916,1,6.5e-008,8.5e-008,1.05e-007
0.18281,-0.03451,0.98254,1.8281,-0.069019,0.98254,1,6.5e-008,9.5e-008,1.05e-007
0.26739,-0.048065,0.96239,2.6739,-0.09613,0.96239,1,6.5e-008,1.05e-007,1.05e-007
-0.27727,-0.41101,0.86844,-2.7727,-0.82202,0.86844,1,7.5e-008,7.5e-008,1.05e-007
-0.29966,-0.30395,0.90433,-2.9966,-0.60789,0.90433,1,7.5e-008,6.5e-008,1.05e-007
-0.073687,-0.45431,0.88779,-0.73687,-0.90861,0.88779,1,7.5e-008,8.5e-008,1.05e-007
0.19792,-0.335,0.9212,1.9792,-0.66999,0.9212,1,7.5e-008,9.5e-008,1.05e-007
-0.69119,0.52265,-0.49908,-6.9119,1.0453,-0.49908,1,8.5e-008,7.5e-008,1.05e-007
0.058013,-0.86186,0.50382,0.58013,-1.7237,0.50382,1,8.5e-008,6.5e-008,1.05e-007
-0.17496,-0.98082,-0.085885,-1.7496,-1.9616,-0.085885,1,8.5e-008,8.5e-008,1.05e-007
-0.98486,-0.15921,-0.068602,-9.8486,-0.31841,-0.068602,1,8.5e-008,9.5e-008,1.05e-007
0.17635,-0.3002,-0.93743,1.7635,-0.6004,-0.93743,1,9.5e-008,7.5e-008,1.05e-007
0.2808,-0.20355,-0.93793,2.808,-0.40709,-0.93793,1,9.5e-008,6.5e-008,1.05e-007
-0.098875,-0.38341,-0.91827,-0.98875,-0.76682,-0.91827,1,9.5e-008,8.5e-008,1.05e-007
-0.28133,-0.34747,-0.89449,-2.8133,-0.69493,-0.89449,1,9.5e-008,9.5e-008,1.05e-007
0.62802,-0.38175,-0.67813,6.2802,-0.7635,-0.67813,1,9.5e-008,5.5e-008,1.05e-007
0.25782,-0.029333,-0.96575,2.5782,-0.058666,-0.96575,1,1.05e-007,6.5e-008,1.05e-007
-0.40289,-0.23316,-0.88505,-4.0289,-0.46631,-0.88505,1,1.05e-007,5.5e-008,1.05e-007
0.15821,-0.0079978,-0.98737,1.5821,-0.015996,-0.98737,1,1.05e-007,7.5e-008,1.05e-007
-0.044121,-0.010289,-0.99897,-0.44121,-0.020578,-0.99897,1,1.05e-007,8.5e-008,1.05e-007
-0.21547,-0.04996,-0.97523,-2.1547,-0.099921,-0.97523,1,1.05e-007,9.5e-008,1.05e-007
-0.29804,-0.25588,-0.91962,-2.9804,-0.51176,-0.91962,1,9.5e-008,1.05e-007,1.05e-007
-0.27299,-0.081618,-0.95855,-2.7299,-0.16324,-0.95855,1,1.05e-007,1.05e-007,1.05e-007
0.20398,0.080718,-0.97564,2.0398,0.16144,-0.97564,1,1.15e-007,6.5e-008,1.05e-007
0.19999,-0.60813,-0.76823,1.9999,-1.2163,-0.76823,1,1.15e-007,5.5e-008,1.05e-007
0.11839,0.11711,-0.98604,1.1839,0.23423,-0.98604,1,1.15e-007,7.5e-008,1.05e-007
-0.023364,0.12541,-0.99183,-0.23364,0.25082,-0.99183,1,1.15e-007,8.5e-008,1.05e-007
-0.15483,0.090622,-0.98378,-1.5483,0.18124,-0.98378,1,1.15e-007,9.5e-008,1.05e-007
-0.22313,0.0413,-0.97391,-2.2313,0.082601,-0.97391,1,1.15e-007,1.05e-007,1.05e-007
0.08297,0.16494,-0.98281,0.8297,0.32987,-0.98281,1,1.25e-007,7.5e-008,1.05e-007
0.14727,0.13888,-0.9793,1.4727,0.27777,-0.9793,1,1.25e-007,6.5e-008,1.05e-007
-0.016534,0.17194,-0.98497,-0.16534,0.34388,-0.98497,1,1.25e-007,8.5e-008,1.05e-007
-0.11302,0.14715,-0.98264,-1.1302,0.29431,-0.98264,1,1.25e-007,9.5e-008,1.05e-007
-0.50065,-0.058298,0.86368,-5.0065,-0.1166,0.86368,1,3.5e-008,6.5e-008,1.15e-007
-0.67942,0.24784,0.69063,-6.7942,0.49569,0.69063,1,3.5e-008,7.5e-008,1.15e-007
-0.099648,0.16372,0.98146,-0.99648,0.32745,0.98146,1,4.5e-008,7.5e-008,1.15e-007
-0.17239,0.12191,0.97746,-1.7239,0.24382,0.97746,1,4.5e-008,6.5e-008,1.15e-007
0.0051328,0.1953,0.98073,0.051328,0.39061,0.98073,1,3.5e-008,8.5e-008,1.15e-007
0.010845,0.18322,0.98301,0.10845,0.36644,0.98301,1,4.5e-008,8.5e-008,1.15e-007
0.83147,-0.55193,-0.063503,8.3147,-1.1039,-0.063503,1,3.5e-008,9.5e-008,1.15e-007
0.11782,0.16677,0.97893,1.1782,0.33354,0.97893,1,4.5e-008,9.5e-008,1.15e-007
-0.17095,0.98109,0.090817,-1.7095,1.9622,0.090817,1,4.5e-008,5.5e-008,1.15e-007
-0.22361,0.052059,0.97329,-2.2361,0.10412,0.97329,1,5.5e-008,6.5e-008,1.15e-007
-0.24523,-0.012987,0.96938,-2.4523,-0.025973,0.96938,1,5.5e-008,5.5e-008,1.15e-007
-0.13602,0.10318,0.98532,-1.3602,0.20635,0.98532,1,5.5e-008,7.5e-008,1.15e-007
0.01863,0.12908,0.99146,0.1863,0.25815,0.99146,1,5.5e-008,8.5e-008,1.15e-007
0.16714,0.10583,0.98024,1.6714,0.21167,0.98024,1,5.5e-008,9.5e-008,1.15e-007
0.18569,0.1305,0.9739,1.8569,0.261,0.9739,1,4.5e-008,1.05e-007,1.15e-007
0.24369,0.062747,0.96782,2.4369,0.12549,0.96782,1,5.5e-008,1.05e-007,1.15e-007
-0.27237,-0.082245,0.95867,-2.7237,-0.16449,0.95867,1,6.5e-008,6.5e-008,1.15e-007
0.51293,0.4462,-0.73335,5.1293,0.8924,-0.73335,1,6.5e-008,5.5e-008,1.15e-007
-0.18586,-0.051784,0.98121,-1.8586,-0.10357,0.98121,1,6.5e-008,7.5e-008,1.15e-007
0.025505,-0.027662,0.99929,0.25505,-0.055323,0.99929,1,6.5e-008,8.5e-008,1.15e-007
0.22652,-0.043379,0.97304,2.2652,-0.086759,0.97304,1,6.5e-008,9.5e-008,1.15e-007
0.29969,-0.062877,0.95196,2.9969,-0.12575,0.95196,1,6.5e-008,1.05e-007,1.15e-007
-0.22433,-0.39549,0.89066,-2.2433,-0.79097,0.89066,1,7.5e-008,7.5e-008,1.15e-007
-0.28484,-0.28532,0.91513,-2.8484,-0.57064,0.91513,1,7.5e-008,6.5e-008,1.15e-007
0.026471,-0.45881,0.88814,0.26471,-0.91761,0.88814,1,7.5e-008,8.5e-008,1.15e-007
0.26564,-0.35781,0.89522,2.6564,-0.71561,0.89522,1,7.5e-008,9.5e-008,1.15e-007
-0.48427,-0.68094,-0.54937,-4.8427,-1.3619,-0.54937,1,8.5e-008,7.5e-008,1.15e-007
0.019853,-0.98721,0.15818,0.19853,-1.9744,0.15818,1,8.5e-008,6.5e-008,1.15e-007
-0.00050358,-0.99583,-0.091256,-0.0050358,-1.9917,-0.091256,1,8.5e-008,8.5e-008,1.15e-007
-0.65011,-0.44212,-0.61798,-6.5011,-0.88423,-0.61798,1,8.5e-008,9.5e-008,1.15e-007
0.2458,-0.32037,-0.91485,2.458,-0.64074,-0.91485,1,9.5e-008,7.5e-008,1.15e-007
0.31919,-0.22747,-0.91999,3.1919,-0.45494,-0.91999,1,9.5e-008,6.5e-008,1.15e-007
-0.010588,-0.38284,-0.92375,-0.10588,-0.76569,-0.92375,1,9.5e-008,8.5e-008,1.15e-007
-0.24027,-0.32947,-0.91308,-2.4027,-0.65894,-0.91308,1,9.5e-008,9.5e-008,1.15e-007
0.87664,-0.36192,0.31703,8.7664,-0.72385,0.31703,1,9.5e-008,5.5e-008,1.15e-007
0.29048,-0.042391,-0.95594,2.9048,-0.084783,-0.95594,1,1.05e-007,6.5e-008,1.15e-007
-0.055151,-0.21297,0.9755,-0.55151,-0.42594,0.9755,1,1.05e-007,5.5e-008,1.15e-007
0.2008,-0.013498,-0.97954,2.008,-0.026995,-0.97954,1,1.05e-007,7.5e-008,1.15e-007
-0.0039186,0.00071274,-0.99999,-0.039186,0.0014255,-0.99999,1,1.05e-007,8.5e-008,1.15e-007
-0.19723,-0.029793,-0.9799,-1.9723,-0.059586,-0.9799,1,1.05e-007,9.5e-008,1.15e-007
-0.28819,-0.23693,-0.9278,-2.8819,-0.47387,-0.9278,1,9.5e-008,1.05e-007,1.15e-007
-0.27055,-0.063733,-0.96059,-2.7055,-0.12747,-0.96059,1,1.05e-007,1.05e-007,1.15e-007
0.23083,0.078704,-0.96981,2.3083,0.15741,-0.96981,1,1.15e-007,6.5e-008,1.15e-007
0.85122,0.52153,0.058541,8.5122,1.0431,0.058541,1,1.15e-007,5.5e-008,1.15e-007
0.14545,0.12176,-0.98184,1.4545,0.24353,-0.98184,1,1.15e-007,7.5e-008,1.15e-007
-0.0023081,0.13899,-0.99029,-0.023081,0.27798,-0.99029,1,1.15e-007,8.5e-008,1.15e-007
-0.1457,0.10848,-0.98336,-1.457,0.21696,-0.98336,1,1.15e-007,9.5e-008,1.15e-007
-0.22246,0.057859,-0.97322,-2.2246,0.11572,-0.97322,1,1.15e-007,1.05e-007,1.15e-007
0.10131,0.17433,-0.97946,1.0131,0.34865,-0.97946,1,1.25e-007,7.5e-008,1.15e-007
0.16943,0.1432,-0.97508,1.6943,0.28639,-0.97508,1,1.25e-007,6.5e-008,1.15e-007
-0.0040093,0.1859,-0.98256,-0.040093,0.37179,-0.98256,1,1.25e-007,8.5e-008,1.15e-007
-0.10737,0.16318,-0.98074,-1.0737,0.32636,-0.98074,1,1.25e-007,9.5e-008,1.15e-007
-0.14444,-0.98922,0.024148,-1.4444,-1.9784,0.024148,1,3.5e-008,6.5e-008,1.25e-007
-0.24116,-0.89817,0.36761,-2.4116,-1.7963,0.36761,1,3.5e-008,7.5e-008,1.25e-007
-0.098037,0.17828,0.97908,-0.98037,0.35655,0.97908,1,4.5e-008,7.5e-008,1.25e-007
-0.17546,0.13611,0.97503,-1.7546,0.27222,0.97503,1,4.5e-008,6.5e-008,1.25e-007
0.01194,0.20879,0.97789,0.1194,0.41759,0.97789,1,3.5e-008,8.5e-008,1.25e-007
0.019736,0.19618,0.98037,0.19736,0.39237,0.98037,1,4.5e-008,8.5e-008,1.25e-007
-0.35497,0.53361,0.76763,-3.5497,1.0672,0.76763,1,3.5e-008,9.5e-008,1.25e-007
0.13259,0.1757,0.97547,1.3259,0.3514,0.97547,1,4.5e-008,9.5e-008,1.25e-007
-0.47125,-0.88072,-0.047422,-4.7125,-1.7614,-0.047422,1,4.5e-008,5.5e-008,1.25e-007
-0.22845,0.064933,0.97139,-2.2845,0.12987,0.97139,1,5.5e-008,6.5e-008,1.25e-007
0.38489,-0.084802,-0.91906,3.8489,-0.1696,-0.91906,1,5.5e-008,5.5e-008,1.25e-007
-0.13259,0.11764,0.98416,-1.3259,0.23529,0.98416,1,5.5e-008,7.5e-008,1.25e-007
0.033236,0.14016,0.98957,0.33236,0.28033,0.98957,1,5.5e-008,8.5e-008,1.25e-007
0.18759,0.10975,0.9761,1.8759,0.21949,0.9761,1,5.5e-008,9.5e-008,1.25e-007
0.20395,0.13481,0.96965,2.0395,0.26963,0.96965,1,4.5e-008,1.05e-007,1.25e-007
0.26466,0.061459,0.96238,2.6466,0.12292,0.96238,1,5.5e-008,1.05e-007,1.25e-007
-0.27653,-0.070261,0.95843,-2.7653,-0.14052,0.95843,1,6.5e-008,6.5e-008,1.25e-007
0.13902,0.10893,0.98428,1.3902,0.21786,0.98428,1,6.5e-008,5.5e-008,1.25e-007
-0.17645,-0.037974,0.98358,-1.7645,-0.075948,0.98358,1,6.5e-008,7.5e-008,1.25e-007
0.052715,-0.020975,0.99839,0.52715,-0.041949,0.99839,1,6.5e-008,8.5e-008,1.25e-007
0.25523,-0.048556,0.96566,2.5523,-0.097111,0.96566,1,6.5e-008,9.5e-008,1.25e-007
0.32243,-0.072852,0.94378,3.2243,-0.1457,0.94378,1,6.5e-008,1.05e-007,1.25e-007
-0.19757,-0.38421,0.90186,-1.9757,-0.76842,0.90186,1,7.5e-008,7.5e-008,1.25e-007
-0.28282,-0.27378,0.91927,-2.8282,-0.54757,0.91927,1,7.5e-008,6.5e-008,1.25e-007
0.084207,-0.45791,0.885,0.84207,-0.91582,0.885,1,7.5e-008,8.5e-008,1.25e-007
0.30479,-0.37076,0.87729,3.0479,-0.74151,0.87729,1,7.5e-008,9.5e-008,1.25e-007
0.90192,0.4188,-0.10556,9.0192,0.83759,-0.10556,1,8.5e-008,7.5e-008,1.25e-007
0.22497,-0.46036,0.85875,2.2497,-0.92073,0.85875,1,8.5e-008,6.5e-008,1.25e-007
0.098253,-0.99072,-0.093915,0.98253,-1.9814,-0.093915,1,8.5e-008,8.5e-008,1.25e-007
0.8234,-0.41856,0.38317,8.234,-0.83712,0.38317,1,8.5e-008,9.5e-008,1.25e-007
0.28654,-0.33178,-0.89879,2.8654,-0.66357,-0.89879,1,9.5e-008,7.5e-008,1.25e-007
0.3429,-0.24333,-0.90731,3.429,-0.48666,-0.90731,1,9.5e-008,6.5e-008,1.25e-007
0.040243,-0.37966,-0.92425,0.40243,-0.75932,-0.92425,1,9.5e-008,8.5e-008,1.25e-007
-0.221,-0.3173,-0.92222,-2.21,-0.63459,-0.92222,1,9.5e-008,9.5e-008,1.25e-007
-0.69784,0.22182,-0.68105,-6.9784,0.44363,-0.68105,1,9.5e-008,5.5e-008,1.25e-007
0.31363,-0.050998,-0.94817,3.1363,-0.102,-0.94817,1,1.05e-007,6.5e-008,1.25e-007
0.12777,-0.98683,0.099152,1.2777,-1.9737,0.099152,1,1.05e-007,5.5e-008,1.25e-007
0.22885,-0.016172,-0.97333,2.2885,-0.032345,-0.97333,1,1.05e-007,7.5e-008,1.25e-007
0.019561,0.0094999,-0.99976,0.19561,0.019,-0.99976,1,1.05e-007,8.5e-008,1.25e-007
-0.1911,-0.015745,-0.98144,-1.911,-0.03149,-0.98144,1,1.05e-007,9.5e-008,1.25e-007
-0.28922,-0.22528,-0.93038,-2.8922,-0.45056,-0.93038,1,9.5e-008,1.05e-007,1.25e-007
-0.2757,-0.05194,-0.95984,-2.757,-0.10388,-0.95984,1,1.05e-007,1.05e-007,1.25e-007
0.25143,0.078791,-0.96466,2.5143,0.15758,-0.96466,1,1.15e-007,6.5e-008,1.25e-007
-0.70667,-0.70753,-0.00483,-7.0667,-1.4151,-0.00483,1,1.15e-007,5.5e-008,1.25e-007
0.16467,0.12735,-0.97809,1.6467,0.2547,-0.97809,1,1.15e-007,7.5e-008,1.25e-007
0.010156,0.15111,-0.98846,0.10156,0.30222,-0.98846,1,1.15e-007,8.5e-008,1.25e-007
-0.14391,0.12297,-0.98192,-1.4391,0.24594,-0.98192,1,1.15e-007,9.5e-008,1.25e-007
-0.22767,0.070675,-0.97117,-2.2767,0.14135,-0.97117,1,1.15e-007,1.05e-007,1.25e-007
0.11499,0.18418,-0.97614,1.1499,0.36837,-0.97614,1,1.25e-007,7.5e-008,1.25e-007
0.1869,0.14879,-0.97105,1.869,0.29757,-0.97105,1,1.25e-007,6.5e-008,1.25e-007
0.0035936,0.19933,-0.97993,0.035936,0.39865,-0.97993,1,1.25e-007,8.5e-008,1.25e-007
-0.10656,0.17774,-0.97829,-1.0656,0.35548,-0.97829,1,1.25e-007,9.5e-008,1.25e-007
-0.36107,-0.19155,-0.91265,-3.6107,-0.3831,-0.91265,1,3.5e-008,6.5e-008,1.35e-007
0.47948,-0.54535,0.68753,4.7948,-1.0907,0.68753,1,3.5e-008,7.5e-008,1.35e-007
-0.10171,0.19025,0.97645,-1.0171,0.38051,0.97645,1,4.5e-008,7.5e-008,1.35e-007
-0.18311,0.14702,0.97204,-1.8311,0.29404,0.97204,1,4.5e-008,6.5e-008,1.35e-007
0.014387,0.22095,0.97518,0.14387,0.4419,0.97518,1,3.5e-008,8.5e-008,1.35e-007
0.022381,0.20775,0.97793,0.22381,0.4155,0.97793,1,4.5e-008,8.5e-008,1.35e-007
0.65164,-0.74565,0.13916,6.5164,-1.4913,0.13916,1,3.5e-008,9.5e-008,1.35e-007
0.14099,0.18456,0.97266,1.4099,0.36911,0.97266,1,4.5e-008,9.5e-008,1.35e-007
-0.8639,-0.44313,0.2394,-8.639,-0.88625,0.2394,1,4.5e-008,5.5e-008,1.35e-007
-0.23875,0.073225,0.96832,-2.3875,0.14645,0.96832,1,5.5e-008,6.5e-008,1.35e-007
0.045242,-0.33393,-0.94151,0.45242,-0.66787,-0.94151,1,5.5e-008,5.5e-008,1.35e-007
-0.13761,0.12793,0.98219,-1.3761,0.25586,0.98219,1,5.5e-008,7.5e-008,1.35e-007
0.037047,0.14976,0.98803,0.37047,0.29952,0.98803,1,5.5e-008,8.5e-008,1.35e-007
0.19817,0.11509,0.97339,1.9817,0.23018,0.97339,1,5.5e-008,9.5e-008,1.35e-007
0.21566,0.14017,0.96636,2.1566,0.28034,0.96636,1,4.5e-008,1.05e-007,1.35e-007
0.27763,0.062663,0.95864,2.7763,0.12533,0.95864,1,5.5e-008,1.05e-007,1.35e-007
-0.28786,-0.065136,0.95546,-2.8786,-0.13027,0.95546,1,6.5e-008,6.5e-008,1.35e-007
-0.32828,0.037856,-0.94382,-3.2828,0.075713,-0.94382,1,6.5e-008,5.5e-008,1.35e-007
-0.18133,-0.03087,0.98294,-1.8133,-0.061741,0.98294,1,6.5e-008,7.5e-008,1.35e-007
0.059842,-0.015701,0.99808,0.59842,-0.031401,0.99808,1,6.5e-008,8.5e-008,1.35e-007
0.2682,-0.049535,0.96209,2.682,-0.099069,0.96209,1,6.5e-008,9.5e-008,1.35e-007
0.33501,-0.07756,0.93902,3.3501,-0.15512,0.93902,1,6.5e-008,1.05e-007,1.35e-007
-0.19708,-0.3807,0.90345,-1.9708,-0.7614,0.90345,1,7.5e-008,7.5e-008,1.35e-007
-0.29175,-0.27049,0.91745,-2.9175,-0.54098,0.91745,1,7.5e-008,6.5e-008,1.35e-007
0.099536,-0.4581,0.88331,0.99536,-0.9162,0.88331,1,7.5e-008,8.5e-008,1.35e-007
0.31817,-0.37724,0.86975,3.1817,-0.75449,0.86975,1,7.5e-008,9.5e-008,1.35e-007
0.42152,-0.68449,0.5948,4.2152,-1.369,0.5948,1,8.5e-008,7.5e-008,1.35e-007
-0.10828,-0.34393,0.93273,-1.0828,-0.68787,0.93273,1,8.5e-008,6.5e-008,1.35e-007
0.12379,-0.98779,-0.094582,1.2379,-1.9756,-0.094582,1,8.5e-008,8.5e-008,1.35e-007
0.26019,0.94659,0.19042,2.6019,1.8932,0.19042,1,8.5e-008,9.5e-008,1.35e-007
0.30075,-0.33731,-0.89206,3.0075,-0.67461,-0.89206,1,9.5e-008,7.5e-008,1.35e-007
0.35314,-0.2518,-0.90105,3.5314,-0.50359,-0.90105,1,9.5e-008,6.5e-008,1.35e-007
0.052855,-0.37862,-0.92404,0.52855,-0.75723,-0.92404,1,9.5e-008,8.5e-008,1.35e-007
-0.22333,-0.31339,-0.92299,-2.2333,-0.62677,-0.92299,1,9.5e-008,9.5e-008,1.35e-007
0.92732,-0.029939,-0.37308,9.2732,-0.059878,-0.37308,1,9.5e-008,5.5e-008,1.35e-007
0.32649,-0.05468,-0.94362,3.2649,-0.10936,-0.94362,1,1.05e-007,6.5e-008,1.35e-007
-0.9378,-0.040591,0.3448,-9.378,-0.081183,0.3448,1,1.05e-007,5.5e-008,1.35e-007
0.24133,-0.015464,-0.97032,2.4133,-0.030929,-0.97032,1,1.05e-007,7.5e-008,1.35e-007
0.024715,0.016067,-0.99957,0.24715,0.032134,-0.99957,1,1.05e-007,8.5e-008,1.35e-007
-0.19734,-0.0083097,-0.9803,-1.9734,-0.016619,-0.9803,1,1.05e-007,9.5e-008,1.35e-007
-0.29941,-0.22172,-0.92801,-2.9941,-0.44344,-0.92801,1,9.5e-008,1.05e-007,1.35e-007
-0.28734,-0.046574,-0.9567,-2.8734,-0.093147,-0.9567,1,1.05e-007,1.05e-007,1.35e-007
0.26416,0.081044,-0.96107,2.6416,0.16209,-0.96107,1,1.15e-007,6.5e-008,1.35e-007
0.97778,0.17806,0.1106,9.7778,0.35613,0.1106,1,1.15e-007,5.5e-008,1.35e-007
0.17437,0.13388,-0.97554,1.7437,0.26775,-0.97554,1,1.15e-007,7.5e-008,1.35e-007
0.012679,0.16138,-0.98681,0.12679,0.32275,-0.98681,1,1.15e-007,8.5e-008,1.35e-007
-0.14967,0.13339,-0.9797,-1.4967,0.26678,-0.9797,1,1.15e-007,9.5e-008,1.35e-007
-0.23799,0.079154,-0.96804,-2.3799,0.15831,-0.96804,1,1.15e-007,1.05e-007,1.35e-007
0.12259,0.19373,-0.97336,1.2259,0.38747,-0.97336,1,1.25e-007,7.5e-008,1.35e-007
0.19803,0.15513,-0.96784,1.9803,0.31026,-0.96784,1,1.25e-007,6.5e-008,1.35e-007
0.0054017,0.21122,-0.97742,0.054017,0.42243,-0.97742,1,1.25e-007,8.5e-008,1.35e-007
-0.11065,0.18976,-0.97557,-1.1065,0.37953,-0.97557,1,1.25e-007,9.5e-008,1.35e-007
-0.67079,-0.6662,-0.3259,-6.7079,-1.3324,-0.3259,1,3.5e-008,6.5e-008,1.45e-007
-0.40973,-0.85447,-0.31938,-4.0973,-1.7089,-0.31938,1,3.5e-008,7.5e-008,1.45e-007
-0.10946,0.19841,0.97399,-1.0946,0.39682,0.97399,1,4.5e-008,7.5e-008,1.45e-007
-0.19352,0.15383,0.96896,-1.9352,0.30765,0.96896,1,4.5e-008,6.5e-008,1.45e-007
0.012683,0.23013,0.97308,0.12683,0.46026,0.97308,1,3.5e-008,8.5e-008,1.45e-007
0.019058,0.21648,0.9761,0.19058,0.43296,0.9761,1,4.5e-008,8.5e-008,1.45e-007
-0.30481,-0.2198,-0.9267,-3.0481,-0.43959,-0.9267,1,3.5e-008,9.5e-008,1.45e-007
0.14252,0.19202,0.97099,1.4252,0.38404,0.97099,1,4.5e-008,9.5e-008,1.45e-007
0.71943,0.63093,-0.29042,7.1943,1.2619,-0.29042,1,4.5e-008,5.5e-008,1.45e-007
-0.25225,0.076856,0.96461,-2.5225,0.15371,0.96461,1,5.5e-008,6.5e-008,1.45e-007
0.69176,0.69806,-0.18486,6.9176,1.3961,-0.18486,1,5.5e-008,5.5e-008,1.45e-007
-0.14935,0.13348,0.97973,-1.4935,0.26696,0.97973,1,5.5e-008,7.5e-008,1.45e-007
0.030745,0.15699,0.98712,0.30745,0.31398,0.98712,1,5.5e-008,8.5e-008,1.45e-007
0.19867,0.12104,0.97256,1.9867,0.24207,0.97256,1,5.5e-008,9.5e-008,1.45e-007
0.21991,0.14547,0.96461,2.1991,0.29094,0.96461,1,4.5e-008,1.05e-007,1.45e-007
0.28189,0.065683,0.9572,2.8189,0.13137,0.9572,1,5.5e-008,1.05e-007,1.45e-007
-0.30357,-0.065846,0.95053,-3.0357,-0.13169,0.95053,1,6.5e-008,6.5e-008,1.45e-007
0.9877,-0.12173,0.098103,9.877,-0.24347,0.098103,1,6.5e-008,5.5e-008,1.45e-007
-0.1976,-0.029903,0.97983,-1.976,-0.059807,0.97983,1,6.5e-008,7.5e-008,1.45e-007
0.049044,-0.012,0.99872,0.49044,-0.023999,0.99872,1,6.5e-008,8.5e-008,1.45e-007
0.26658,-0.04683,0.96268,2.6658,-0.093659,0.96268,1,6.5e-008,9.5e-008,1.45e-007
0.33761,-0.077523,0.93809,3.3761,-0.15505,0.93809,1,6.5e-008,1.05e-007,1.45e-007
-0.21739,-0.38387,0.89743,-2.1739,-0.76775,0.89743,1,7.5e-008,7.5e-008,1.45e-007
-0.30809,-0.27371,0.91113,-3.0809,-0.54742,0.91113,1,7.5e-008,6.5e-008,1.45e-007
0.079707,-0.46048,0.88408,0.79707,-0.92096,0.88408,1,7.5e-008,8.5e-008,1.45e-007
0.31059,-0.37906,0.87169,3.1059,-0.75811,0.87169,1,7.5e-008,9.5e-008,1.45e-007
0.18401,-0.64195,-0.74434,1.8401,-1.2839,-0.74434,1,8.5e-008,7.5e-008,1.45e-007
-0.71942,0.5006,0.48149,-7.1942,1.0012,0.48149,1,8.5e-008,6.5e-008,1.45e-007
0.091144,-0.9914,-0.093879,0.91144,-1.9828,-0.093879,1,8.5e-008,8.5e-008,1.45e-007
0.70738,0.21678,0.67277,7.0738,0.43356,0.67277,1,8.5e-008,9.5e-008,1.45e-007
0.29306,-0.33848,-0.89417,2.9306,-0.67695,-0.89417,1,9.5e-008,7.5e-008,1.45e-007
0.35178,-0.25396,-0.90097,3.5178,-0.50793,-0.90097,1,9.5e-008,6.5e-008,1.45e-007
0.033484,-0.38026,-0.92428,0.33484,-0.76051,-0.92428,1,9.5e-008,8.5e-008,1.45e-007
-0.24248,-0.31642,-0.91711,-2.4248,-0.63284,-0.91711,1,9.5e-008,9.5e-008,1.45e-007
0.89962,0.41457,-0.13719,8.9962,0.82914,-0.13719,1,9.5e-008,5.5e-008,1.45e-007
0.32917,-0.053953,-0.94273,3.2917,-0.10791,-0.94273,1,1.05e-007,6.5e-008,1.45e-007
-0.6689,0.73989,0.071707,-6.689,1.4798,0.071707,1,1.05e-007,5.5e-008,1.45e-007
0.23919,-0.011863,-0.9709,2.3919,-0.023726,-0.9709,1,1.05e-007,7.5e-008,1.45e-007
0.013531,0.02024,-0.9997,0.13531,0.040481,-0.9997,1,1.05e-007,8.5e-008,1.45e-007
-0.21321,-0.0069929,-0.97698,-2.1321,-0.013986,-0.97698,1,1.05e-007,9.5e-008,1.45e-007
-0.3155,-0.22458,-0.92197,-3.155,-0.44916,-0.92197,1,9.5e-008,1.05e-007,1.45e-007
-0.30278,-0.046743,-0.95191,-3.0278,-0.093486,-0.95191,1,1.05e-007,1.05e-007,1.45e-007
0.26826,0.084715,-0.95961,2.6826,0.16943,-0.95961,1,1.15e-007,6.5e-008,1.45e-007
0.32053,-0.53113,0.78432,3.2053,-1.0623,0.78432,1,1.15e-007,5.5e-008,1.45e-007
0.17433,0.14042,-0.97462,1.7433,0.28085,-0.97462,1,1.15e-007,7.5e-008,1.45e-007
0.0059896,0.16884,-0.98562,0.059896,0.33768,-0.98562,1,1.15e-007,8.5e-008,1.45e-007
-0.16127,0.13912,-0.97706,-1.6127,0.27825,-0.97706,1,1.15e-007,9.5e-008,1.45e-007
-0.2512,0.083147,-0.96436,-2.512,0.16629,-0.96436,1,1.15e-007,1.05e-007,1.45e-007
0.1237,0.20157,-0.97163,1.237,0.40314,-0.97163,1,1.25e-007,7.5e-008,1.45e-007
0.20197,0.16103,-0.96606,2.0197,0.32205,-0.96606,1,1.25e-007,6.5e-008,1.45e-007
0.0017816,0.22009,-0.97548,0.017816,0.44019,-0.97548,1,1.25e-007,8.5e-008,1.45e-007
-0.11841,0.198,-0.97302,-1.1841,0.39601,-0.97302,1,1.25e-007,9.5e-008,1.45e-007
0.3983,0.91725,0.0034051,3.983,1.8345,0.0034051,1,3.5e-008,6.5e-008,1.55e-007
-0.4697,-0.85678,0.21286,-4.697,-1.7136,0.21286,1,3.5e-008,7.5e-008,1.55e-007
-0.11883,0.20179,0.97219,-1.1883,0.40358,0.97219,1,4.5e-008,7.5e-008,1.55e-007
-0.20374,0.15619,0.96649,-2.0374,0.31237,0.96649,1,4.5e-008,6.5e-008,1.55e-007
0.0080303,0.23473,0.97203,0.080303,0.46946,0.97203,1,3.5e-008,8.5e-008,1.55e-007
0.01148,0.2209,0.97523,0.1148,0.44181,0.97523,1,4.5e-008,8.5e-008,1.55e-007
-0.79949,-0.59229,0.099986,-7.9949,-1.1846,0.099986,1,3.5e-008,9.5e-008,1.55e-007
0.13793,0.19647,0.97076,1.3793,0.39294,0.97076,1,4.5e-008,9.5e-008,1.55e-007
-0.55902,-0.26592,-0.78535,-5.5902,-0.53184,-0.78535,1,4.5e-008,5.5e-008,1.55e-007
-0.26541,0.076486,0.9611,-2.6541,0.15297,0.9611,1,5.5e-008,6.5e-008,1.55e-007
-0.65786,-0.23061,-0.71697,-6.5786,-0.46121,-0.71697,1,5.5e-008,5.5e-008,1.55e-007
-0.16407,0.13427,0.97727,-1.6407,0.26854,0.97727,1,5.5e-008,7.5e-008,1.55e-007
0.017316,0.16077,0.98684,0.17316,0.32154,0.98684,1,5.5e-008,8.5e-008,1.55e-007
0.19051,0.12606,0.97356,1.9051,0.25212,0.97356,1,5.5e-008,9.5e-008,1.55e-007
0.21698,0.14919,0.96471,2.1698,0.29839,0.96471,1,4.5e-008,1.05e-007,1.55e-007
0.27784,0.069199,0.95813,2.7784,0.1384,0.95813,1,5.5e-008,1.05e-007,1.55e-007
-0.3195,-0.07009,0.94499,-3.195,-0.14018,0.94499,1,6.5e-008,6.5e-008,1.55e-007
-0.17376,-0.51469,0.83959,-1.7376,-1.0294,0.83959,1,6.5e-008,5.5e-008,1.55e-007
-0.21939,-0.033274,0.97507,-2.1939,-0.066549,0.97507,1,6.5e-008,7.5e-008,1.55e-007
0.025968,-0.009958,0.99961,0.25968,-0.019916,0.99961,1,6.5e-008,8.5e-008,1.55e-007
0.25324,-0.041739,0.9665,2.5324,-0.083479,0.9665,1,6.5e-008,9.5e-008,1.55e-007
0.33126,-0.074023,0.94063,3.3126,-0.14805,0.94063,1,6.5e-008,1.05e-007,1.55e-007
-0.24896,-0.3896,0.8867,-2.4896,-0.7792,0.8867,1,7.5e-008,7.5e-008,1.55e-007
-0.32689,-0.27974,0.90271,-3.2689,-0.55948,0.90271,1,7.5e-008,6.5e-008,1.55e-007
0.036862,-0.46242,0.8859,0.36862,-0.92484,0.8859,1,7.5e-008,8.5e-008,1.55e-007
0.28805,-0.37669,0.88042,2.8805,-0.75337,0.88042,1,7.5e-008,9.5e-008,1.55e-007
-0.79054,-0.59297,-0.15305,-7.9054,-1.1859,-0.15305,1,8.5e-008,7.5e-008,1.55e-007
0.52172,-0.83567,0.17163,5.2172,-1.6713,0.17163,1,8.5e-008,6.5e-008,1.55e-007
0.021749,-0.99549,-0.092321,0.21749,-1.991,-0.092321,1,8.5e-008,8.5e-008,1.55e-007
-0.69633,-0.31812,-0.64337,-6.9633,-0.63625,-0.64337,1,8.5e-008,9.5e-008,1.55e-007
0.26963,-0.33573,-0.90254,2.6963,-0.67146,-0.90254,1,9.5e-008,7.5e-008,1.55e-007
0.34119,-0.25108,-0.90584,3.4119,-0.50216,-0.90584,1,9.5e-008,6.5e-008,1.55e-007
-0.0065689,-0.38211,-0.9241,-0.065689,-0.76421,-0.9241,1,9.5e-008,8.5e-008,1.55e-007
-0.27025,-0.32247,-0.90718,-2.7025,-0.64495,-0.90718,1,9.5e-008,9.5e-008,1.55e-007
-0.62045,-0.087389,-0.77936,-6.2045,-0.17478,-0.77936,1,9.5e-008,5.5e-008,1.55e-007
0.32271,-0.05013,-0.94517,3.2271,-0.10026,-0.94517,1,1.05e-007,6.5e-008,1.55e-007
0.44261,-0.56359,-0.69747,4.4261,-1.1272,-0.69747,1,1.05e-007,5.5e-008,1.55e-007
0.22541,-0.0066643,-0.97424,2.2541,-0.013329,-0.97424,1,1.05e-007,7.5e-008,1.55e-007
-0.0085829,0.021964,-0.99972,-0.085829,0.043928,-0.99972,1,1.05e-007,8.5e-008,1.55e-007
-0.23333,-0.010135,-0.97234,-2.3333,-0.020271,-0.97234,1,1.05e-007,9.5e-008,1.55e-007
-0.33301,-0.2304,-0.91434,-3.3301,-0.4608,-0.91434,1,9.5e-008,1.05e-007,1.55e-007
-0.31803,-0.050384,-0.94674,-3.1803,-0.10077,-0.94674,1,1.05e-007,1.05e-007,1.55e-007
0.26417,0.088436,-0.96041,2.6417,0.17687,-0.96041,1,1.15e-007,6.5e-008,1.55e-007
-0.49672,0.67192,0.54936,-4.9672,1.3438,0.54936,1,1.15e-007,5.5e-008,1.55e-007
0.16603,0.14545,-0.97533,1.6603,0.2909,-0.97533,1,1.15e-007,7.5e-008,1.55e-007
-0.0069799,0.17245,-0.98499,-0.069799,0.3449,-0.98499,1,1.15e-007,8.5e-008,1.55e-007
-0.17512,0.1401,-0.97453,-1.7512,0.2802,-0.97453,1,1.15e-007,9.5e-008,1.55e-007
-0.26385,0.0832,-0.96097,-2.6385,0.1664,-0.96097,1,1.15e-007,1.05e-007,1.55e-007
0.1191,0.20607,-0.97126,1.191,0.41213,-0.97126,1,1.25e-007,7.5e-008,1.55e-007
0.19903,0.16491,-0.96602,1.9903,0.32982,-0.96602,1,1.25e-007,6.5e-008,1.55e-007
-0.005546,0.22449,-0.97446,-0.05546,0.44898,-0.97446,1,1.25e-007,8.5e-008,1.55e-007
-0.12738,0.20149,-0.97117,-1.2738,0.40298,-0.97117,1,1.25e-007,9.5e-008,1.55e-007
0.15997,0.87492,-0.45708,1.5997,1.7498,-0.45708,1,3.5e-008,6.5e-008,1.65e-007
0.058761,-0.030231,0.99781,0.58761,-0.060462,0.99781,1,3.5e-008,7.5e-008,1.65e-007
-0.12665,0.20018,0.97154,-1.2665,0.40036,0.97154,1,4.5e-008,7.5e-008,1.65e-007
-0.21057,0.15449,0.96529,-2.1057,0.30898,0.96529,1,4.5e-008,6.5e-008,1.65e-007
0.0024077,0.23379,0.97228,0.024077,0.46758,0.97228,1,3.5e-008,8.5e-008,1.65e-007
0.0024954,0.2201,0.97547,0.024954,0.4402,0.97547,1,4.5e-008,8.5e-008,1.65e-007
-0.42236,-0.90641,-0.0062575,-4.2236,-1.8128,-0.0062575,1,3.5e-008,9.5e-008,1.65e-007
0.12931,0.19657,0.97193,1.2931,0.39313,0.97193,1,4.5e-008,9.5e-008,1.65e-007
0.57305,-0.73073,0.37101,5.7305,-1.4615,0.37101,1,4.5e-008,5.5e-008,1.65e-007
-0.27443,0.073478,0.95879,-2.7443,0.14696,0.95879,1,5.5e-008,6.5e-008,1.65e-007
-0.30373,-0.16179,-0.93892,-3.0373,-0.32357,-0.93892,1,5.5e-008,5.5e-008,1.65e-007
-0.17701,0.13107,0.97544,-1.7701,0.26214,0.97544,1,5.5e-008,7.5e-008,1.65e-007
0.001554,0.16036,0.98706,0.01554,0.32071,0.98706,1,5.5e-008,8.5e-008,1.65e-007
0.17686,0.1284,0.97582,1.7686,0.2568,0.97582,1,5.5e-008,9.5e-008,1.65e-007
0.20849,0.14983,0.96648,2.0849,0.29967,0.96648,1,4.5e-008,1.05e-007,1.65e-007
0.26728,0.071517,0.96096,2.6728,0.14303,0.96096,1,5.5e-008,1.05e-007,1.65e-007
-0.33131,-0.075003,0.94054,-3.3131,-0.15001,0.94054,1,6.5e-008,6.5e-008,1.65e-007
-0.81016,0.56368,-0.16094,-8.1016,1.1274,-0.16094,1,6.5e-008,5.5e-008,1.65e-007
-0.23953,-0.038483,0.97013,-2.3953,-0.076966,0.97013,1,6.5e-008,7.5e-008,1.65e-007
-0.0010533,-0.0096848,0.99995,-0.010533,-0.01937,0.99995,1,6.5e-008,8.5e-008,1.65e-007
0.23294,-0.036345,0.97181,2.3294,-0.07269,0.97181,1,6.5e-008,9.5e-008,1.65e-007
0.31815,-0.069105,0.94552,3.1815,-0.13821,0.94552,1,6.5e-008,1.05e-007,1.65e-007
-0.28077,-0.39382,0.87525,-2.8077,-0.78765,0.87525,1,7.5e-008,7.5e-008,1.65e-007
-0.34311,-0.28471,0.89511,-3.4311,-0.56942,0.89511,1,7.5e-008,6.5e-008,1.65e-007
-0.013123,-0.46145,0.88707,-0.13123,-0.92291,0.88707,1,7.5e-008,8.5e-008,1.65e-007
0.25806,-0.37101,0.89205,2.5806,-0.74202,0.89205,1,7.5e-008,9.5e-008,1.65e-007
0.28108,0.90409,-0.32189,2.8108,1.8082,-0.32189,1,8.5e-008,7.5e-008,1.65e-007
0.72522,-0.5328,0.4361,7.2522,-1.0656,0.4361,1,8.5e-008,6.5e-008,1.65e-007
-0.058388,-0.99418,-0.090514,-0.58388,-1.9884,-0.090514,1,8.5e-008,8.5e-008,1.65e-007
-0.2105,0.97,-0.1216,-2.105,1.94,-0.1216,1,8.5e-008,9.5e-008,1.65e-007
0.23845,-0.32998,-0.91337,2.3845,-0.65997,-0.91337,1,9.5e-008,7.5e-008,1.65e-007
0.32451,-0.24505,-0.91359,3.2451,-0.49011,-0.91359,1,9.5e-008,6.5e-008,1.65e-007
-0.052425,-0.38185,-0.92274,-0.52425,-0.7637,-0.92274,1,9.5e-008,8.5e-008,1.65e-007
-0.29728,-0.32751,-0.89686,-2.9728,-0.65503,-0.89686,1,9.5e-008,9.5e-008,1.65e-007
0.29217,-0.93395,-0.20585,2.9217,-1.8679,-0.20585,1,9.5e-008,5.5e-008,1.65e-007
0.30941,-0.045275,-0.94985,3.0941,-0.09055,-0.94985,1,1.05e-007,6.5e-008,1.65e-007
-0.85962,-0.30004,-0.41355,-8.5962,-0.60008,-0.41355,1,1.05e-007,5.5e-008,1.65e-007
0.20494,-0.0018609,-0.97877,2.0494,-0.0037218,-0.97877,1,1.05e-007,7.5e-008,1.65e-007
-0.033698,0.021338,-0.9992,-0.33698,0.042675,-0.9992,1,1.05e-007,8.5e-008,1.65e-007
-0.25124,-0.015325,-0.9678,-2.5124,-0.030651,-0.9678,1,1.05e-007,9.5e-008,1.65e-007
-0.34737,-0.23545,-0.90769,-3.4737,-0.47089,-0.90769,1,9.5e-008,1.05e-007,1.65e-007
-0.32899,-0.054862,-0.94274,-3.2899,-0.10972,-0.94274,1,1.05e-007,1.05e-007,1.65e-007
0.25371,0.090527,-0.96303,2.5371,0.18105,-0.96303,1,1.15e-007,6.5e-008,1.65e-007
-0.48335,0.67317,-0.55966,-4.8335,1.3463,-0.55966,1,1.15e-007,5.5e-008,1.65e-007
0.1527,0.14729,-0.97723,1.527,0.29459,-0.97723,1,1.15e-007,7.5e-008,1.65e-007
-0.021638,0.17159,-0.98493,-0.21638,0.34318,-0.98493,1,1.15e-007,8.5e-008,1.65e-007
-0.18681,0.13704,-0.97279,-1.8681,0.27409,-0.97279,1,1.15e-007,9.5e-008,1.65e-007
-0.2723,0.080543,-0.95884,-2.723,0.16109,-0.95884,1,1.15e-007,1.05e-007,1.65e-007
0.11088,0.20593,-0.97226,1.1088,0.41186,-0.97226,1,1.25e-007,7.5e-008,1.65e-007
0.19087,0.1653,-0.9676,1.9087,0.33059,-0.9676,1,1.25e-007,6.5e-008,1.65e-007
-0.013837,0.22355,-0.97459,-0.13837,0.44711,-0.97459,1,1.25e-007,8.5e-008,1.65e-007
-0.13456,0.2,-0.97051,-1.3456,0.4,-0.97051,1,1.25e-007,9.5e-008,1.65e-007
0.065698,0.61659,0.78454,0.65698,1.2332,0.78454,1,3.5e-008,6.5e-008,1.75e-007
0.23329,-0.49922,-0.83448,2.3329,-0.99844,-0.83448,1,3.5e-008,7.5e-008,1.75e-007
-0.13,0.19432,0.97229,-1.3,0.38863,0.97229,1,4.5e-008,7.5e-008,1.75e-007
-0.21141,0.14985,0.96584,-2.1141,0.2997,0.96584,1,4.5e-008,6.5e-008,1.75e-007
-0.0019286,0.22741,0.9738,-0.019286,0.45481,0.9738,1,3.5e-008,8.5e-008,1.75e-007
-0.0046448,0.21414,0.97679,-0.046448,0.42829,0.97679,1,4.5e-008,8.5e-008,1.75e-007
-0.046262,-0.43507,-0.89921,-0.46262,-0.87014,-0.89921,1,3.5e-008,9.5e-008,1.75e-007
0.11963,0.19171,0.97413,1.1963,0.38341,0.97413,1,4.5e-008,9.5e-008,1.75e-007
-0.32842,-0.42191,0.84506,-3.2842,-0.84382,0.84506,1,4.5e-008,5.5e-008,1.75e-007
-0.27635,0.069579,0.95853,-2.7635,0.13916,0.95853,1,5.5e-008,6.5e-008,1.75e-007
0.27802,-0.36314,-0.88929,2.7802,-0.72628,-0.88929,1,5.5e-008,5.5e-008,1.75e-007
-0.18371,0.12536,0.97495,-1.8371,0.25071,0.97495,1,5.5e-008,7.5e-008,1.75e-007
-0.011098,0.15573,0.98774,-0.11098,0.31145,0.98774,1,5.5e-008,8.5e-008,1.75e-007
0.16215,0.1266,0.97861,1.6215,0.2532,0.97861,1,5.5e-008,9.5e-008,1.75e-007
0.19727,0.14632,0.96937,1.9727,0.29265,0.96937,1,4.5e-008,1.05e-007,1.75e-007
0.25332,0.070953,0.96478,2.5332,0.14191,0.96478,1,5.5e-008,1.05e-007,1.75e-007
-0.33562,-0.077952,0.93877,-3.3562,-0.1559,0.93877,1,6.5e-008,6.5e-008,1.75e-007
-0.78257,-0.56774,-0.25546,-7.8257,-1.1355,-0.25546,1,6.5e-008,5.5e-008,1.75e-007
-0.25141,-0.043089,0.96692,-2.5141,-0.086177,0.96692,1,6.5e-008,7.5e-008,1.75e-007
-0.022687,-0.011391,0.99968,-0.22687,-0.022783,0.99968,1,6.5e-008,8.5e-008,1.75e-007
0.21207,-0.033296,0.97669,2.1207,-0.066593,0.97669,1,6.5e-008,9.5e-008,1.75e-007
0.30174,-0.065446,0.95114,3.0174,-0.13089,0.95114,1,6.5e-008,1.05e-007,1.75e-007
-0.30273,-0.39453,0.86758,-3.0273,-0.78907,0.86758,1,7.5e-008,7.5e-008,1.75e-007
-0.35251,-0.28587,0.89107,-3.5251,-0.57174,0.89107,1,7.5e-008,6.5e-008,1.75e-007
-0.05288,-0.45817,0.88729,-0.5288,-0.91633,0.88729,1,7.5e-008,8.5e-008,1.75e-007
0.22993,-0.36478,0.90226,2.2993,-0.72955,0.90226,1,7.5e-008,9.5e-008,1.75e-007
0.71773,0.042725,0.695,7.1773,0.085451,0.695,1,8.5e-008,7.5e-008,1.75e-007
0.28979,0.52731,0.79873,2.8979,1.0546,0.79873,1,8.5e-008,6.5e-008,1.75e-007
-0.12167,-0.98855,-0.089237,-1.2167,-1.9771,-0.089237,1,8.5e-008,8.5e-008,1.75e-007
0.58234,-0.50028,0.64078,5.8234,-1.0006,0.64078,1,8.5e-008,9.5e-008,1.75e-007
0.20944,-0.32396,-0.9226,2.0944,-0.64792,-0.9226,1,9.5e-008,7.5e-008,1.75e-007
0.30593,-0.23898,-0.92157,3.0593,-0.47796,-0.92157,1,9.5e-008,6.5e-008,1.75e-007
-0.088156,-0.37966,-0.92092,-0.88156,-0.75932,-0.92092,1,9.5e-008,8.5e-008,1.75e-007
-0.31518,-0.3291,-0.89014,-3.1518,-0.6582,-0.89014,1,9.5e-008,9.5e-008,1.75e-007
0.18984,-0.71901,0.66857,1.8984,-1.438,0.66857,1,9.5e-008,5.5e-008,1.75e-007
0.29289,-0.042007,-0.95522,2.9289,-0.084013,-0.95522,1,1.05e-007,6.5e-008,1.75e-007
0.87493,0.12304,0.46836,8.7493,0.24608,0.46836,1,1.05e-007,5.5e-008,1.75e-007
0.18438,0.00017671,-0.98286,1.8438,0.00035341,-0.98286,1,1.05e-007,7.5e-008,1.75e-007
-0.053139,0.018579,-0.99841,-0.53139,0.037158,-0.99841,1,1.05e-007,8.5e-008,1.75e-007
-0.26111,-0.02009,-0.9651,-2.6111,-0.040181,-0.9651,1,1.05e-007,9.5e-008,1.75e-007
-0.35488,-0.23689,-0.9044,-3.5488,-0.47377,-0.9044,1,9.5e-008,1.05e-007,1.75e-007
-0.33251,-0.05769,-0.94133,-3.3251,-0.11538,-0.94133,1,1.05e-007,1.05e-007,1.75e-007
0.24006,0.089415,-0.96663,2.4006,0.17883,-0.96663,1,1.15e-007,6.5e-008,1.75e-007
-0.75287,-0.52755,0.39356,-7.5287,-1.0551,0.39356,1,1.15e-007,5.5e-008,1.75e-007
0.13873,0.14473,-0.9797,1.3873,0.28947,-0.9797,1,1.15e-007,7.5e-008,1.75e-007
-0.032895,0.16647,-0.9855,-0.32895,0.33293,-0.9855,1,1.15e-007,8.5e-008,1.75e-007
-0.1923,0.13142,-0.9725,-1.923,0.26283,-0.9725,1,1.15e-007,9.5e-008,1.75e-007
-0.27372,0.07681,-0.95874,-2.7372,0.15362,-0.95874,1,1.15e-007,1.05e-007,1.75e-007
0.10194,0.20069,-0.97434,1.0194,0.40137,-0.97434,1,1.25e-007,7.5e-008,1.75e-007
0.18027,0.16126,-0.97031,1.8027,0.32252,-0.97031,1,1.25e-007,6.5e-008,1.75e-007
-0.02004,0.21744,-0.97587,-0.2004,0.43488,-0.97587,1,1.25e-007,8.5e-008,1.75e-007
-0.13719,0.19427,-0.97131,-1.3719,0.38854,-0.97131,1,1.25e-007,9.5e-008,1.75e-007
0.27001,-0.94152,0.20156,2.7001,-1.883,0.20156,1,3.5e-008,6.5e-008,1.85e-007
0.74983,-0.65636,-0.083301,7.4983,-1.3127,-0.083301,1,3.5e-008,7.5e-008,1.85e-007
-0.12693,0.18564,0.97439,-1.2693,0.37128,0.97439,1,4.5e-008,7.5e-008,1.85e-007
-0.20486,0.14381,0.96817,-2.0486,0.28762,0.96817,1,4.5e-008,6.5e-008,1.85e-007
-0.0030543,0.21669,0.97624,-0.030543,0.43337,0.97624,1,3.5e-008,8.5e-008,1.85e-007
-0.0071779,0.20404,0.97894,-0.071779,0.40807,0.97894,1,4.5e-008,8.5e-008,1.85e-007
-0.9778,-0.20506,0.043056,-9.778,-0.41012,0.043056,1,3.5e-008,9.5e-008,1.85e-007
0.11201,0.18222,0.97686,1.1201,0.36444,0.97686,1,4.5e-008,9.5e-008,1.85e-007
0.73207,-0.28462,-0.61892,7.3207,-0.56924,-0.61892,1,4.5e-008,5.5e-008,1.85e-007
-0.26952,0.066487,0.9607,-2.6952,0.13297,0.9607,1,5.5e-008,6.5e-008,1.85e-007
-0.55321,0.44723,-0.70281,-5.5321,0.89447,-0.70281,1,5.5e-008,5.5e-008,1.85e-007
-0.1811,0.11888,0.97625,-1.811,0.23776,0.97625,1,5.5e-008,7.5e-008,1.85e-007
-0.015986,0.14759,0.98892,-0.15986,0.29518,0.98892,1,5.5e-008,8.5e-008,1.85e-007
0.15098,0.11995,0.98123,1.5098,0.2399,0.98123,1,5.5e-008,9.5e-008,1.85e-007
0.18662,0.13835,0.97264,1.8662,0.2767,0.97264,1,4.5e-008,1.05e-007,1.85e-007
0.23975,0.066264,0.96857,2.3975,0.13253,0.96857,1,5.5e-008,1.05e-007,1.85e-007
-0.3303,-0.076959,0.94073,-3.303,-0.15392,0.94073,1,6.5e-008,6.5e-008,1.85e-007
-0.34034,0.5286,-0.77765,-3.4034,1.0572,-0.77765,1,6.5e-008,5.5e-008,1.85e-007
-0.25014,-0.045215,0.96715,-2.5014,-0.090431,0.96715,1,6.5e-008,7.5e-008,1.85e-007
-0.030788,-0.015289,0.99941,-0.30788,-0.030577,0.99941,1,6.5e-008,8.5e-008,1.85e-007
0.19738,-0.035149,0.9797,1.9738,-0.070299,0.9797,1,6.5e-008,9.5e-008,1.85e-007
0.28627,-0.065812,0.95589,2.8627,-0.13162,0.95589,1,6.5e-008,1.05e-007,1.85e-007
-0.30663,-0.3914,0.86763,-3.0663,-0.7828,0.86763,1,7.5e-008,7.5e-008,1.85e-007
-0.35181,-0.28156,0.89272,-3.5181,-0.56313,0.89272,1,7.5e-008,6.5e-008,1.85e-007
-0.066736,-0.45577,0.88759,-0.66736,-0.91155,0.88759,1,7.5e-008,8.5e-008,1.85e-007
0.21357,-0.36237,0.90723,2.1357,-0.72474,0.90723,1,7.5e-008,9.5e-008,1.85e-007
-0.21166,-0.20423,0.95577,-2.1166,-0.40846,0.95577,1,8.5e-008,7.5e-008,1.85e-007
-0.98324,-0.14087,0.11575,-9.8324,-0.28175,0.11575,1,8.5e-008,6.5e-008,1.85e-007
-0.14289,-0.9857,-0.089345,-1.4289,-1.9714,-0.089345,1,8.5e-008,8.5e-008,1.85e-007
-0.23928,-0.96708,-0.086627,-2.3928,-1.9342,-0.086627,1,8.5e-008,9.5e-008,1.85e-007
0.19301,-0.32186,-0.9269,1.9301,-0.64372,-0.9269,1,9.5e-008,7.5e-008,1.85e-007
0.29042,-0.23676,-0.92715,2.9042,-0.47351,-0.92715,1,9.5e-008,6.5e-008,1.85e-007
-0.099772,-0.3778,-0.92049,-0.99772,-0.75561,-0.92049,1,9.5e-008,8.5e-008,1.85e-007
-0.31722,-0.32623,-0.89047,-3.1722,-0.65247,-0.89047,1,9.5e-008,9.5e-008,1.85e-007
0.65396,0.73748,-0.16869,6.5396,1.475,-0.16869,1,9.5e-008,5.5e-008,1.85e-007
0.27752,-0.042928,-0.95976,2.7752,-0.085856,-0.95976,1,1.05e-007,6.5e-008,1.85e-007
-0.63846,-0.43711,-0.63349,-6.3846,-0.87421,-0.63349,1,1.05e-007,5.5e-008,1.85e-007
0.17049,-0.0026648,-0.98536,1.7049,-0.0053296,-0.98536,1,1.05e-007,7.5e-008,1.85e-007
-0.059536,0.013996,-0.99813,-0.59536,0.027993,-0.99813,1,1.05e-007,8.5e-008,1.85e-007
-0.25876,-0.022439,-0.96568,-2.5876,-0.044878,-0.96568,1,1.05e-007,9.5e-008,1.85e-007
-0.35281,-0.23288,-0.90625,-3.5281,-0.46576,-0.90625,1,9.5e-008,1.05e-007,1.85e-007
-0.32666,-0.056952,-0.94343,-3.2666,-0.1139,-0.94343,1,1.05e-007,1.05e-007,1.85e-007
0.22697,0.084053,-0.97027,2.2697,0.16811,-0.97027,1,1.15e-007,6.5e-008,1.85e-007
0.01208,-0.3745,-0.92715,0.1208,-0.749,-0.92715,1,1.15e-007,5.5e-008,1.85e-007
0.12858,0.13736,-0.98214,1.2858,0.27472,-0.98214,1,1.15e-007,7.5e-008,1.85e-007
-0.036514,0.15801,-0.98676,-0.36514,0.31602,-0.98676,1,1.15e-007,8.5e-008,1.85e-007
-0.18889,0.12496,-0.97402,-1.8889,0.24991,-0.97402,1,1.15e-007,9.5e-008,1.85e-007
-0.2666,0.073644,-0.96099,-2.666,0.14729,-0.96099,1,1.15e-007,1.05e-007,1.85e-007
0.095224,0.19083,-0.97699,0.95224,0.38166,-0.97699,1,1.25e-007,7.5e-008,1.85e-007
0.17045,0.15267,-0.97347,1.7045,0.30535,-0.97347,1,1.25e-007,6.5e-008,1.85e-007
-0.021637,0.20725,-0.97805,-0.21637,0.41451,-0.97805,1,1.25e-007,8.5e-008,1.85e-007
-0.13352,0.18572,-0.97349,-1.3352,0.37145,-0.97349,1,1.25e-007,9.5e-008,1.85e-007
0.81242,0.29233,-0.5045,8.1242,0.58465,-0.5045,1,3.5e-008,6.5e-008,1.95e-007
0.79216,-0.14313,0.59329,7.9216,-0.28625,0.59329,1,3.5e-008,7.5e-008,1.95e-007
-0.1168,0.17577,0.97748,-1.168,0.35155,0.97748,1,4.5e-008,7.5e-008,1.95e-007
-0.19083,0.13786,0.97189,-1.9083,0.27572,0.97189,1,4.5e-008,6.5e-008,1.95e-007
0.00014182,0.20328,0.97912,0.0014182,0.40655,0.97912,1,3.5e-008,8.5e-008,1.95e-007
-0.0035275,0.19128,0.98153,-0.035275,0.38255,0.98153,1,4.5e-008,8.5e-008,1.95e-007
0.77949,-0.29375,0.55327,7.7949,-0.5875,0.55327,1,3.5e-008,9.5e-008,1.95e-007
0.10879,0.16914,0.97957,1.0879,0.33827,0.97957,1,4.5e-008,9.5e-008,1.95e-007
-0.66883,-0.33373,0.6643,-6.6883,-0.66746,0.6643,1,4.5e-008,5.5e-008,1.95e-007
-0.25363,0.065495,0.96508,-2.5363,0.13099,0.96508,1,5.5e-008,6.5e-008,1.95e-007
-0.3035,0.64687,-0.69961,-3.035,1.2937,-0.69961,1,5.5e-008,5.5e-008,1.95e-007
-0.16784,0.11311,0.9793,-1.6784,0.22621,0.9793,1,5.5e-008,7.5e-008,1.95e-007
-0.010364,0.137,0.99052,-0.10364,0.27399,0.99052,1,5.5e-008,8.5e-008,1.95e-007
0.14678,0.10857,0.98319,1.4678,0.21714,0.98319,1,5.5e-008,9.5e-008,1.95e-007
0.17936,0.12633,0.97564,1.7936,0.25266,0.97564,1,4.5e-008,1.05e-007,1.95e-007
0.22989,0.056961,0.97155,2.2989,0.11392,0.97155,1,5.5e-008,1.05e-007,1.95e-007
-0.31426,-0.070741,0.9467,-3.1426,-0.14148,0.9467,1,6.5e-008,6.5e-008,1.95e-007
0.76399,0.63904,-0.089139,7.6399,1.2781,-0.089139,1,6.5e-008,5.5e-008,1.95e-007
-0.2328,-0.043628,0.97155,-2.328,-0.087256,0.97155,1,6.5e-008,7.5e-008,1.95e-007
-0.020069,-0.021334,0.99957,-0.20069,-0.042667,0.99957,1,6.5e-008,8.5e-008,1.95e-007
0.19411,-0.043495,0.98002,1.9411,-0.086989,0.98002,1,6.5e-008,9.5e-008,1.95e-007
0.27557,-0.072187,0.95857,2.7557,-0.14437,0.95857,1,6.5e-008,1.05e-007,1.95e-007
-0.28583,-0.3838,0.87807,-2.8583,-0.76759,0.87807,1,7.5e-008,7.5e-008,1.95e-007
-0.33829,-0.27041,0.90135,-3.3829,-0.54083,0.90135,1,7.5e-008,6.5e-008,1.95e-007
-0.042982,-0.45659,0.88864,-0.42982,-0.91319,0.88864,1,7.5e-008,8.5e-008,1.95e-007
0.21716,-0.36747,0.90432,2.1716,-0.73495,0.90432,1,7.5e-008,9.5e-008,1.95e-007
-0.60276,-0.45561,-0.65506,-6.0276,-0.91121,-0.65506,1,8.5e-008,7.5e-008,1.95e-007
0.50121,0.86499,0.024355,5.0121,1.73,0.024355,1,8.5e-008,6.5e-008,1.95e-007
-0.10145,-0.99062,-0.091574,-1.0145,-1.9812,-0.091574,1,8.5e-008,8.5e-008,1.95e-007
-0.51831,-0.68652,-0.50995,-5.1831,-1.373,-0.50995,1,8.5e-008,9.5e-008,1.95e-007
0.19755,-0.32711,-0.92411,1.9755,-0.65422,-0.92411,1,9.5e-008,7.5e-008,1.95e-007
0.28246,-0.2416,-0.92836,2.8246,-0.48321,-0.92836,1,9.5e-008,6.5e-008,1.95e-007
-0.07702,-0.37785,-0.92266,-0.7702,-0.75569,-0.92266,1,9.5e-008,8.5e-008,1.95e-007
-0.29806,-0.31792,-0.90005,-2.9806,-0.63584,-0.90005,1,9.5e-008,9.5e-008,1.95e-007
0.070954,0.73639,-0.67283,0.70954,1.4728,-0.67283,1,9.5e-008,5.5e-008,1.95e-007
0.2672,-0.049819,-0.96235,2.672,-0.099637,-0.96235,1,1.05e-007,6.5e-008,1.95e-007
-0.55506,-0.68038,-0.47853,-5.5506,-1.3608,-0.47853,1,1.05e-007,5.5e-008,1.95e-007
0.16837,-0.011562,-0.98566,1.6837,-0.023124,-0.98566,1,1.05e-007,7.5e-008,1.95e-007
-0.04826,0.0080091,-0.9988,-0.4826,0.016018,-0.9988,1,1.05e-007,8.5e-008,1.95e-007
-0.2418,-0.021053,-0.9701,-2.418,-0.042107,-0.9701,1,1.05e-007,9.5e-008,1.95e-007
-0.33907,-0.22204,-0.91418,-3.3907,-0.44407,-0.91418,1,9.5e-008,1.05e-007,1.95e-007
-0.31059,-0.0514,-0.94915,-3.1059,-0.1028,-0.94915,1,1.05e-007,1.05e-007,1.95e-007
0.21771,0.074158,-0.97319,2.1771,0.14832,-0.97319,1,1.15e-007,6.5e-008,1.95e-007
0.64394,-0.73389,0.21623,6.4394,-1.4678,0.21623,1,1.15e-007,5.5e-008,1.95e-007
0.12547,0.12556,-0.98412,1.2547,0.25112,-0.98412,1,1.15e-007,7.5e-008,1.95e-007
-0.030095,0.14744,-0.98861,-0.30095,0.29487,-0.98861,1,1.15e-007,8.5e-008,1.95e-007
-0.1755,0.11916,-0.97724,-1.755,0.23831,-0.97724,1,1.15e-007,9.5e-008,1.95e-007
-0.25076,0.072328,-0.96534,-2.5076,0.14466,-0.96534,1,1.15e-007,1.05e-007,1.95e-007
0.092904,0.17751,-0.97972,0.92904,0.35503,-0.97972,1,1.25e-007,7.5e-008,1.95e-007
0.16408,0.14014,-0.97644,1.6408,0.28029,-0.97644,1,1.25e-007,6.5e-008,1.95e-007
-0.017255,0.19456,-0.98074,-0.17255,0.38911,-0.98074,1,1.25e-007,8.5e-008,1.95e-007
-0.12305,0.17599,-0.97667,-1.2305,0.35197,-0.97667,1,1.25e-007,9.5e-008,1.95e-007
-0.94393,-0.27193,0.18722,-9.4393,-0.54386,0.18722,1,3.5e-008,6.5e-008,2.05e-007
-0.84713,0.52975,0.041767,-8.4713,1.0595,0.041767,1,3.5e-008,7.5e-008,2.05e-007
-0.10021,0.166,0.98102,-1.0021,0.332,0.98102,1,4.5e-008,7.5e-008,2.05e-007
-0.1703,0.13306,0.97637,-1.703,0.26611,0.97637,1,4.5e-008,6.5e-008,2.05e-007
0.0077726,0.18878,0.98199,0.077726,0.37755,0.98199,1,3.5e-008,8.5e-008,2.05e-007
0.0064344,0.17728,0.98414,0.064344,0.35455,0.98414,1,4.5e-008,8.5e-008,2.05e-007
-0.26006,-0.77922,0.57025,-2.6006,-1.5584,0.57025,1,3.5e-008,9.5e-008,2.05e-007
0.11093,0.1537,0.98187,1.1093,0.30739,0.98187,1,4.5e-008,9.5e-008,2.05e-007
-0.007032,-0.99902,-0.043812,-0.07032,-1.998,-0.043812,1,4.5e-008,5.5e-008,2.05e-007
-0.22945,0.067237,0.97099,-2.2945,0.13447,0.97099,1,5.5e-008,6.5e-008,2.05e-007
-0.9896,0.092137,0.11046,-9.896,0.18427,0.11046,1,5.5e-008,5.5e-008,2.05e-007
-0.1443,0.10883,0.98353,-1.443,0.21767,0.98353,1,5.5e-008,7.5e-008,2.05e-007
0.0061574,0.12487,0.99215,0.061574,0.24974,0.99215,1,5.5e-008,8.5e-008,2.05e-007
0.15088,0.093176,0.98415,1.5088,0.18635,0.98415,1,5.5e-008,9.5e-008,2.05e-007
0.17699,0.11113,0.97792,1.7699,0.22225,0.97792,1,4.5e-008,1.05e-007,2.05e-007
0.22558,0.043336,0.97326,2.2558,0.086673,0.97326,1,5.5e-008,1.05e-007,2.05e-007
-0.28722,-0.058714,0.95606,-2.8722,-0.11743,0.95606,1,6.5e-008,6.5e-008,2.05e-007
-0.20784,-0.58064,0.78719,-2.0784,-1.1613,0.78719,1,6.5e-008,5.5e-008,2.05e-007
-0.19833,-0.037689,0.97941,-1.9833,-0.075378,0.97941,1,6.5e-008,7.5e-008,2.05e-007
0.011062,-0.029047,0.99952,0.11062,-0.058095,0.99952,1,6.5e-008,8.5e-008,2.05e-007
0.20444,-0.058403,0.97714,2.0444,-0.11681,0.97714,1,6.5e-008,9.5e-008,2.05e-007
0.27187,-0.085079,0.95856,2.7187,-0.17016,0.95856,1,6.5e-008,1.05e-007,2.05e-007
-0.23502,-0.36887,0.89928,-2.3502,-0.73774,0.89928,1,7.5e-008,7.5e-008,2.05e-007
-0.30966,-0.25074,0.91719,-3.0966,-0.50149,0.91719,1,7.5e-008,6.5e-008,2.05e-007
0.02461,-0.458,0.88861,0.2461,-0.916,0.88861,1,7.5e-008,8.5e-008,2.05e-007
0.24485,-0.38003,0.89198,2.4485,-0.76006,0.89198,1,7.5e-008,9.5e-008,2.05e-007
0.043925,-0.09129,-0.99486,0.43925,-0.18258,-0.99486,1,8.5e-008,7.5e-008,2.05e-007
0.51856,-0.84297,-0.14316,5.1856,-1.6859,-0.14316,1,8.5e-008,6.5e-008,2.05e-007
0.016969,-0.99522,-0.096135,0.16969,-1.9904,-0.096135,1,8.5e-008,8.5e-008,2.05e-007
0.36539,-0.76562,-0.52945,3.6539,-1.5312,-0.52945,1,8.5e-008,9.5e-008,2.05e-007
0.22703,-0.33958,-0.91277,2.2703,-0.67916,-0.91277,1,9.5e-008,7.5e-008,2.05e-007
0.28485,-0.25435,-0.92421,2.8485,-0.50871,-0.92421,1,9.5e-008,6.5e-008,2.05e-007
-0.014476,-0.37758,-0.92587,-0.14476,-0.75515,-0.92587,1,9.5e-008,8.5e-008,2.05e-007
-0.25351,-0.30185,-0.91903,-2.5351,-0.6037,-0.91903,1,9.5e-008,9.5e-008,2.05e-007
0.65858,0.32747,-0.67752,6.5858,0.65495,-0.67752,1,9.5e-008,5.5e-008,2.05e-007
0.26412,-0.063063,-0.96243,2.6412,-0.12613,-0.96243,1,1.05e-007,6.5e-008,2.05e-007
-0.62019,0.66499,0.41612,-6.2019,1.33,0.41612,1,1.05e-007,5.5e-008,2.05e-007
0.18,-0.026414,-0.98331,1.8,-0.052828,-0.98331,1,1.05e-007,7.5e-008,2.05e-007
-0.01806,0.0011358,-0.99984,-0.1806,0.0022717,-0.99984,1,1.05e-007,8.5e-008,2.05e-007
-0.20956,-0.015345,-0.97767,-2.0956,-0.030691,-0.97767,1,1.05e-007,9.5e-008,2.05e-007
-0.31197,-0.20304,-0.92814,-3.1197,-0.40608,-0.92814,1,9.5e-008,1.05e-007,2.05e-007
-0.28431,-0.040503,-0.95788,-2.8431,-0.081006,-0.95788,1,1.05e-007,1.05e-007,2.05e-007
0.21406,0.060159,-0.97497,2.1406,0.12032,-0.97497,1,1.15e-007,6.5e-008,2.05e-007
0.0028062,0.55516,0.83174,0.028062,1.1103,0.83174,1,1.15e-007,5.5e-008,2.05e-007
0.13058,0.11017,-0.9853,1.3058,0.22034,-0.9853,1,1.15e-007,7.5e-008,2.05e-007
-0.013426,0.13574,-0.99065,-0.13426,0.27148,-0.99065,1,1.15e-007,8.5e-008,2.05e-007
-0.15266,0.11485,-0.98158,-1.5266,0.2297,-0.98158,1,1.15e-007,9.5e-008,2.05e-007
-0.22704,0.073531,-0.9711,-2.2704,0.14706,-0.9711,1,1.15e-007,1.05e-007,2.05e-007
0.095819,0.16207,-0.98212,0.95819,0.32414,-0.98212,1,1.25e-007,7.5e-008,2.05e-007
0.16258,0.12467,-0.97879,1.6258,0.24934,-0.97879,1,1.25e-007,6.5e-008,2.05e-007
-0.0068753,0.1808,-0.9835,-0.068753,0.3616,-0.9835,1,1.25e-007,8.5e-008,2.05e-007
-0.10644,0.16636,-0.9803,-1.0644,0.33273,-0.9803,1,1.25e-007,9.5e-008,2.05e-007
0.87407,-0.48033,-0.072676,8.7407,-0.96066,-0.072676,1,3.5e-008,6.5e-008,2.15e-007
-0.80623,0.56279,0.18237,-8.0623,1.1256,0.18237,1,3.5e-008,7.5e-008,2.15e-007
-0.078701,0.15696,0.98446,-0.78701,0.31392,0.98446,1,4.5e-008,7.5e-008,2.15e-007
-0.14494,0.12979,0.98089,-1.4494,0.25959,0.98089,1,4.5e-008,6.5e-008,2.15e-007
0.019091,0.17433,0.9845,0.19091,0.34865,0.9845,1,3.5e-008,8.5e-008,2.15e-007
0.021577,0.16296,0.9864,0.21577,0.32592,0.9864,1,4.5e-008,8.5e-008,2.15e-007
0.97493,0.19748,0.10251,9.7493,0.39495,0.10251,1,3.5e-008,9.5e-008,2.15e-007
0.11803,0.13698,0.98352,1.1803,0.27395,0.98352,1,4.5e-008,9.5e-008,2.15e-007
-0.093723,0.99247,-0.078885,-0.93723,1.9849,-0.078885,1,4.5e-008,5.5e-008,2.15e-007
-0.19858,0.071539,0.97747,-1.9858,0.14308,0.97747,1,5.5e-008,6.5e-008,2.15e-007
0.74998,-0.304,0.58747,7.4998,-0.608,0.58747,1,5.5e-008,5.5e-008,2.15e-007
-0.11231,0.10595,0.98801,-1.1231,0.2119,0.98801,1,5.5e-008,7.5e-008,2.15e-007
0.031804,0.11164,0.99324,0.31804,0.22327,0.99324,1,5.5e-008,8.5e-008,2.15e-007
0.16254,0.074666,0.98387,1.6254,0.14933,0.98387,1,5.5e-008,9.5e-008,2.15e-007
0.17963,0.093743,0.97926,1.7963,0.18749,0.97926,1,4.5e-008,1.05e-007,2.15e-007
0.22708,0.026233,0.97352,2.2708,0.052466,0.97352,1,5.5e-008,1.05e-007,2.15e-007
-0.24982,-0.041265,0.96741,-2.4982,-0.082531,0.96741,1,6.5e-008,6.5e-008,2.15e-007
0.11971,-0.73356,0.669,1.1971,-1.4671,0.669,1,6.5e-008,5.5e-008,2.15e-007
-0.14787,-0.02766,0.98862,-1.4787,-0.055321,0.98862,1,6.5e-008,7.5e-008,2.15e-007
0.060227,-0.037764,0.99747,0.60227,-0.075527,0.99747,1,6.5e-008,8.5e-008,2.15e-007
0.22727,-0.07857,0.97066,2.2727,-0.15714,0.97066,1,6.5e-008,9.5e-008,2.15e-007
0.27563,-0.10349,0.95568,2.7563,-0.20698,0.95568,1,6.5e-008,1.05e-007,2.15e-007
-0.15185,-0.34149,0.92754,-1.5185,-0.68297,0.92754,1,7.5e-008,7.5e-008,2.15e-007
-0.26441,-0.22113,0.93872,-2.6441,-0.44226,0.93872,1,7.5e-008,6.5e-008,2.15e-007
0.13379,-0.4514,0.88224,1.3379,-0.90279,0.88224,1,7.5e-008,8.5e-008,2.15e-007
0.29557,-0.39527,0.86972,2.9557,-0.79054,0.86972,1,7.5e-008,9.5e-008,2.15e-007
0.25271,0.90538,-0.34121,2.5271,1.8108,-0.34121,1,8.5e-008,7.5e-008,2.15e-007
0.10273,-0.99164,0.078019,1.0273,-1.9833,0.078019,1,8.5e-008,6.5e-008,2.15e-007
0.21261,-0.97181,-0.10191,2.1261,-1.9436,-0.10191,1,8.5e-008,8.5e-008,2.15e-007
0.12333,-0.15948,-0.97947,1.2333,-0.31895,-0.97947,1,8.5e-008,9.5e-008,2.15e-007
0.27988,-0.35484,-0.89205,2.7988,-0.70968,-0.89205,1,9.5e-008,7.5e-008,2.15e-007
0.29844,-0.27291,-0.91458,2.9844,-0.54583,-0.91458,1,9.5e-008,6.5e-008,2.15e-007
0.085995,-0.37045,-0.92486,0.85995,-0.7409,-0.92486,1,9.5e-008,8.5e-008,2.15e-007
-0.18171,-0.27468,-0.94421,-1.8171,-0.54935,-0.94421,1,9.5e-008,9.5e-008,2.15e-007
0.61066,-0.75098,-0.25123,6.1066,-1.502,-0.25123,1,9.5e-008,5.5e-008,2.15e-007
0.26858,-0.08168,-0.95979,2.6858,-0.16336,-0.95979,1,1.05e-007,6.5e-008,2.15e-007
-0.24136,-0.68161,-0.69076,-2.4136,-1.3632,-0.69076,1,1.05e-007,5.5e-008,2.15e-007
0.20406,-0.046072,-0.97787,2.0406,-0.092144,-0.97787,1,1.05e-007,7.5e-008,2.15e-007
0.028774,-0.0062812,-0.99957,0.28774,-0.012562,-0.99957,1,1.05e-007,8.5e-008,2.15e-007
-0.16325,-0.0057349,-0.98657,-1.6325,-0.01147,-0.98657,1,1.05e-007,9.5e-008,2.15e-007
-0.27059,-0.17518,-0.94662,-2.7059,-0.35036,-0.94662,1,9.5e-008,1.05e-007,2.15e-007
-0.24863,-0.024679,-0.96828,-2.4863,-0.049358,-0.96828,1,1.05e-007,1.05e-007,2.15e-007
0.21616,0.042933,-0.97541,2.1616,0.085865,-0.97541,1,1.15e-007,6.5e-008,2.15e-007
0.70458,-0.67213,0.22763,7.0458,-1.3443,0.22763,1,1.15e-007,5.5e-008,2.15e-007
0.14305,0.092089,-0.98542,1.4305,0.18418,-0.98542,1,1.15e-007,7.5e-008,2.15e-007
0.011739,0.12334,-0.99229,0.11739,0.24669,-0.99229,1,1.15e-007,8.5e-008,2.15e-007
-0.12215,0.11201,-0.98617,-1.2215,0.22402,-0.98617,1,1.15e-007,9.5e-008,2.15e-007
-0.19708,0.077157,-0.97735,-1.9708,0.15431,-0.97735,1,1.15e-007,1.05e-007,2.15e-007
0.10351,0.14559,-0.98391,1.0351,0.29119,-0.98391,1,1.25e-007,7.5e-008,2.15e-007
0.16598,0.1073,-0.98027,1.6598,0.2146,-0.98027,1,1.25e-007,6.5e-008,2.15e-007
0.0083697,0.16693,-0.98593,0.083697,0.33386,-0.98593,1,1.25e-007,8.5e-008,2.15e-007
-0.085203,0.15754,-0.98383,-0.85203,0.31508,-0.98383,1,1.25e-007,9.5e-008,2.15e-007
0.043344,-0.90103,0.43158,0.43344,-1.8021,0.43158,1,3.5e-008,6.5e-008,2.25e-007
0.71949,0.39464,-0.57148,7.1949,0.78928,-0.57148,1,3.5e-008,7.5e-008,2.25e-007
-0.054258,0.14864,0.9874,-0.54258,0.29729,0.9874,1,4.5e-008,7.5e-008,2.25e-007
-0.11672,0.12782,0.9849,-1.1672,0.25565,0.9849,1,4.5e-008,6.5e-008,2.25e-007
0.032892,0.16053,0.98648,0.32892,0.32106,0.98648,1,3.5e-008,8.5e-008,2.25e-007
0.04008,0.14869,0.98807,0.4008,0.29738,0.98807,1,4.5e-008,8.5e-008,2.25e-007
0.34163,0.37233,-0.86294,3.4163,0.74465,-0.86294,1,3.5e-008,9.5e-008,2.25e-007
0.12892,0.11973,0.9844,1.2892,0.23945,0.9844,1,4.5e-008,9.5e-008,2.25e-007
-0.50192,-0.47848,-0.72051,-5.0192,-0.95695,-0.72051,1,4.5e-008,5.5e-008,2.25e-007
-0.16313,0.077399,0.98356,-1.6313,0.1548,0.98356,1,5.5e-008,6.5e-008,2.25e-007
-0.65329,0.7514,-0.092777,-6.5329,1.5028,-0.092777,1,5.5e-008,5.5e-008,2.25e-007
-0.074694,0.10342,0.99183,-0.74694,0.20684,0.99183,1,5.5e-008,7.5e-008,2.25e-007
0.063479,0.097094,0.99325,0.63479,0.19419,0.99325,1,5.5e-008,8.5e-008,2.25e-007
0.17987,0.053841,0.98222,1.7987,0.10768,0.98222,1,5.5e-008,9.5e-008,2.25e-007
0.18666,0.075125,0.97955,1.8666,0.15025,0.97955,1,4.5e-008,1.05e-007,2.25e-007
0.23391,0.0067386,0.97224,2.3391,0.013477,0.97224,1,5.5e-008,1.05e-007,2.25e-007
-0.20358,-0.020205,0.97885,-2.0358,-0.04041,0.97885,1,6.5e-008,6.5e-008,2.25e-007
0.95517,0.27244,0.11589,9.5517,0.54488,0.11589,1,6.5e-008,5.5e-008,2.25e-007
-0.084902,-0.015428,0.99627,-0.84902,-0.030857,0.99627,1,6.5e-008,7.5e-008,2.25e-007
0.12183,-0.047516,0.99141,1.2183,-0.095033,0.99141,1,6.5e-008,8.5e-008,2.25e-007
0.2597,-0.10222,0.96026,2.597,-0.20443,0.96026,1,6.5e-008,9.5e-008,2.25e-007
0.28685,-0.12557,0.94971,2.8685,-0.25115,0.94971,1,6.5e-008,1.05e-007,2.25e-007
-0.039895,-0.29783,0.95378,-0.39895,-0.59567,0.95378,1,7.5e-008,7.5e-008,2.25e-007
-0.20236,-0.18221,0.96221,-2.0236,-0.36443,0.96221,1,7.5e-008,6.5e-008,2.25e-007
0.27052,-0.42761,0.86254,2.7052,-0.85522,0.86254,1,7.5e-008,8.5e-008,2.25e-007
0.36412,-0.40639,0.83801,3.6412,-0.81278,0.83801,1,7.5e-008,9.5e-008,2.25e-007
-0.26231,-0.76062,0.59384,-2.6231,-1.5212,0.59384,1,8.5e-008,7.5e-008,2.25e-007
-0.34585,0.34145,-0.87396,-3.4585,0.6829,-0.87396,1,8.5e-008,6.5e-008,2.25e-007
0.45524,-0.88408,-0.10568,4.5524,-1.7682,-0.10568,1,8.5e-008,8.5e-008,2.25e-007
-0.1644,0.98545,0.043156,-1.644,1.9709,0.043156,1,8.5e-008,9.5e-008,2.25e-007
0.35005,-0.36679,-0.86194,3.5005,-0.73358,-0.86194,1,9.5e-008,7.5e-008,2.25e-007
0.32394,-0.29346,-0.89941,3.2394,-0.58692,-0.89941,1,9.5e-008,6.5e-008,2.25e-007
0.21254,-0.35004,-0.9123,2.1254,-0.70009,-0.9123,1,9.5e-008,8.5e-008,2.25e-007
-0.085235,-0.23487,-0.96828,-0.85235,-0.46975,-0.96828,1,9.5e-008,9.5e-008,2.25e-007
0.05591,-0.17989,0.9821,0.5591,-0.35978,0.9821,1,9.5e-008,5.5e-008,2.25e-007
0.28031,-0.10395,-0.95427,2.8031,-0.20791,-0.95427,1,1.05e-007,6.5e-008,2.25e-007
0.29289,0.12212,0.94832,2.9289,0.24424,0.94832,1,1.05e-007,5.5e-008,2.25e-007
0.23735,-0.069124,-0.96896,2.3735,-0.13825,-0.96896,1,1.05e-007,7.5e-008,2.25e-007
0.087114,-0.01475,-0.99609,0.87114,-0.029501,-0.99609,1,1.05e-007,8.5e-008,2.25e-007
-0.10597,0.0058251,-0.99435,-1.0597,0.01165,-0.99435,1,1.05e-007,9.5e-008,2.25e-007
-0.21506,-0.13974,-0.96655,-2.1506,-0.27947,-0.96655,1,9.5e-008,1.05e-007,2.25e-007
-0.20515,-0.0056292,-0.97871,-2.0515,-0.011258,-0.97871,1,1.05e-007,1.05e-007,2.25e-007
0.22342,0.023519,-0.97444,2.2342,0.047038,-0.97444,1,1.15e-007,6.5e-008,2.25e-007
0.97886,0.18911,-0.077944,9.7886,0.37822,-0.077944,1,1.15e-007,5.5e-008,2.25e-007
0.16091,0.072013,-0.98434,1.6091,0.14403,-0.98434,1,1.15e-007,7.5e-008,2.25e-007
0.042454,0.10999,-0.99303,0.42454,0.21998,-0.99303,1,1.15e-007,8.5e-008,2.25e-007
-0.086618,0.10972,-0.99018,-0.86618,0.21944,-0.99018,1,1.15e-007,9.5e-008,2.25e-007
-0.16294,0.082337,-0.9832,-1.6294,0.16467,-0.9832,1,1.15e-007,1.05e-007,2.25e-007
0.11479,0.12881,-0.985,1.1479,0.25762,-0.985,1,1.25e-007,7.5e-008,2.25e-007
0.1736,0.088952,-0.98079,1.736,0.1779,-0.98079,1,1.25e-007,6.5e-008,2.25e-007
0.026726,0.15331,-0.98782,0.26726,0.30662,-0.98782,1,1.25e-007,8.5e-008,2.25e-007
-0.061241,0.14956,-0.98685,-0.61241,0.29912,-0.98685,1,1.25e-007,9.5e-008,2.25e-007
-0.82173,-0.52516,-0.22129,-8.2173,-1.0503,-0.22129,1,3.5e-008,6.5e-008,2.35e-007
-0.82896,0.55242,-0.087481,-8.2896,1.1048,-0.087481,1,3.5e-008,7.5e-008,2.35e-007
-0.02868,0.14064,0.98964,-0.2868,0.28128,0.98964,1,4.5e-008,7.5e-008,2.35e-007
0.15845,-0.84663,-0.50805,1.5845,-1.6933,-0.50805,1,4.5e-008,6.5e-008,2.35e-007
0.78978,-0.1482,-0.59521,7.8978,-0.29641,-0.59521,1,3.5e-008,8.5e-008,2.35e-007
0.060327,0.13455,0.98907,0.60327,0.2691,0.98907,1,4.5e-008,8.5e-008,2.35e-007
0.45819,-0.4559,-0.76303,4.5819,-0.91181,-0.76303,1,3.5e-008,9.5e-008,2.35e-007
0.14275,0.1026,0.98443,1.4275,0.20521,0.98443,1,4.5e-008,9.5e-008,2.35e-007
-0.034186,0.099572,0.99444,-0.34186,0.19914,0.99444,1,5.5e-008,7.5e-008,2.35e-007
-0.12505,0.083202,0.98866,-1.2505,0.1664,0.98866,1,5.5e-008,6.5e-008,2.35e-007
0.098407,0.080571,0.99188,0.98407,0.16114,0.99188,1,5.5e-008,8.5e-008,2.35e-007
0.20175,0.031336,0.97894,2.0175,0.062673,0.97894,1,5.5e-008,9.5e-008,2.35e-007
-0.013701,-0.004856,0.99989,-0.13701,-0.0097121,0.99989,1,6.5e-008,7.5e-008,2.35e-007
-0.15017,0.0011618,0.98866,-1.5017,0.0023236,0.98866,1,6.5e-008,6.5e-008,2.35e-007
0.19012,-0.059877,0.97993,1.9012,-0.11975,0.97993,1,6.5e-008,8.5e-008,2.35e-007
0.30028,-0.12815,0.9452,3.0028,-0.25629,0.9452,1,6.5e-008,9.5e-008,2.35e-007
0.091143,-0.24158,0.96609,0.91143,-0.48317,0.96609,1,7.5e-008,7.5e-008,2.35e-007
-0.18604,-0.82456,-0.53432,-1.8604,-1.6491,-0.53432,1,7.5e-008,6.5e-008,2.35e-007
0.4133,-0.38661,0.82445,4.133,-0.77321,0.82445,1,7.5e-008,8.5e-008,2.35e-007
0.44555,-0.40929,0.79622,4.4555,-0.81859,0.79622,1,7.5e-008,9.5e-008,2.35e-007
-0.3704,0.41342,-0.8318,-3.704,0.82684,-0.8318,1,8.5e-008,7.5e-008,2.35e-007
0.0048548,0.4003,-0.91637,0.048548,0.80061,-0.91637,1,8.5e-008,6.5e-008,2.35e-007
-0.79585,0.47719,0.37271,-7.9585,0.95438,0.37271,1,8.5e-008,8.5e-008,2.35e-007
-0.12423,0.9348,0.33273,-1.2423,1.8696,0.33273,1,8.5e-008,9.5e-008,2.35e-007
0.43157,-0.37208,-0.82177,4.3157,-0.74417,-0.82177,1,9.5e-008,7.5e-008,2.35e-007
-0.60885,-0.65578,0.44639,-6.0885,-1.3116,0.44639,1,9.5e-008,6.5e-008,2.35e-007
0.34715,-0.31751,-0.88243,3.4715,-0.63501,-0.88243,1,9.5e-008,8.5e-008,2.35e-007
0.029323,-0.18691,-0.98194,0.29323,-0.37383,-0.98194,1,9.5e-008,9.5e-008,2.35e-007
0.27793,-0.094744,-0.95592,2.7793,-0.18949,-0.95592,1,1.05e-007,7.5e-008,2.35e-007
0.30112,-0.12815,-0.94494,3.0112,-0.2563,-0.94494,1,1.05e-007,6.5e-008,2.35e-007
0.15169,-0.026141,-0.98808,1.5169,-0.052282,-0.98808,1,1.05e-007,8.5e-008,2.35e-007
-0.041351,0.015717,-0.99902,-0.41351,0.031433,-0.99902,1,1.05e-007,9.5e-008,2.35e-007
0.18285,0.050456,-0.98184,1.8285,0.10091,-0.98184,1,1.15e-007,7.5e-008,2.35e-007
0.23621,0.0030629,-0.9717,2.3621,0.0061259,-0.9717,1,1.15e-007,6.5e-008,2.35e-007
0.076044,0.094975,-0.99257,0.76044,0.18995,-0.99257,1,1.15e-007,8.5e-008,2.35e-007
-0.048578,0.10646,-0.99313,-0.48578,0.21293,-0.99313,1,1.15e-007,9.5e-008,2.35e-007
0.12874,0.11232,-0.9853,1.2874,0.22464,-0.9853,1,1.25e-007,7.5e-008,2.35e-007
0.98586,0.15324,0.067791,9.8586,0.30648,0.067791,1,1.25e-007,6.5e-008,2.35e-007
0.046629,0.14002,-0.98905,0.46629,0.28004,-0.98905,1,1.25e-007,8.5e-008,2.35e-007
-0.036249,0.14207,-0.98919,-0.36249,0.28415,-0.98919,1,1.25e-007,9.5e-008,2.35e-007
